TRDAR_NO,TRDAR_NM,SIGNGU_NM,DATA_STRD_YM,GRFA_SM,RSDNTL_BULD_GRFA,RSDNTL_BULD_EXCL_GRFA,MOAV_TOTL_LVLH_POPNO,MOAV_NAOR_LVLH_POPNO,MOAV_STPRD_FRNR_LVLH_POPNO,MOAV_LOPRD_FRNR_LVLH_POPNO,ZERO_TIZN_TOTL_LVLH_POPNO,ONE_TIZN_TOTL_LVLH_POPNO,TWO_TIZN_TOTL_LVLH_POPNO,THREE_TIZN_TOTL_LVLH_POPNO,FOUR_TIZN_TOTL_LVLH_POPNO,FIVE_TIZN_TOTL_LVLH_POPNO,SIX_TIZN_TOTL_LVLH_POPNO,SEVEN_TIZN_TOTL_LVLH_POPNO,EIGHT_TIZN_TOTL_LVLH_POPNO,NINE_TIZN_TOTL_LVLH_POPNO,TEN_TIZN_TOTL_LVLH_POPNO,ELEVEN_TIZN_TOTL_LVLH_POPNO,TLV_TIZN_TOTL_LVLH_POPNO,THIRTEEN_TIZN_TOTL_LVLH_POPNO,FOURTEEN_TIZN_TOTL_LVLH_POPNO,FFTN_TIZN_TOTL_LVLH_POPNO,SXTN_TIZN_TOTL_LVLH_POPNO,SVNTN_TIZN_TOTL_LVLH_POPNO,EGHTN_TIZN_TOTL_LVLH_POPNO,NNTN_TIZN_TOTL_LVLH_POPNO,TNT_TIZN_TOTL_LVLH_POPNO,TNONE_TIZN_TOTL_LVLH_POPNO,TNTT_TIZN_TOTL_LVLH_POPNO,TNTTH_TIZN_TOTL_LVLH_POPNO,peak_hour_col,day_ratio,night_ratio,foreigner_ratio,population_density,short_foreigner_ratio,visitor_ratio,visit_intensity,transition_ratio
10000,목동역1번 출구,양천구,202510,207580.66,64851.08,142729.58,5257.94,5125.8,12.32,121.2,5067.98,5528.96,5546.36,5416.49,5371.57,5054.26,4842.47,4758.1,4635.54,4876.7,4974.99,5183.31,5238.92,5238.02,5330.32,5480.25,5648.19,5650.74,5518.66,5486.08,5513.01,5460.8,5260.37,5108.45,SVNTN_TIZN_TOTL_LVLH_POPNO,0.37737725823187696,0.256337519436877,0.02539397558739735,0.025329623674960854,0.0023431229721145547,0.7075299451876591,0.017921467250369087,0.3662852223312461
10001,까치산역2번 출구,강서구,202510,128728.71,69566.61,59162.1,13935.64,13401.64,182.55,353.3,13764.03,13338.58,12875.84,13012.73,13233.66,14201.18,13958.88,14030.48,13451.22,13051.78,12908.3,13175.56,13230.76,13155.6,13371.79,13725.98,14272.42,14630.13,15182.22,15407.5,15260.39,15453.81,15577.68,14183.93,TNTT_TIZN_TOTL_LVLH_POPNO,0.36334490391740937,0.2722808143231462,0.03845176827185547,0.10825588169103845,0.013099506014793724,0.6457005203923178,0.06990087914343272,0.3643742817594443
10002,서울화곡4동우체국,강서구,202510,95733.53,37339.88,58393.65,1012.56,981.59,2.15,30.34,977.88,973.22,961.56,955.63,955.01,952.69,964.34,970.67,944.85,955.2,973.69,986.18,983.62,986.91,1004.89,1032.18,1078.52,1102.98,1116.19,1143.24,1109.1,1077.49,1059.12,1017.98,NNTN_TIZN_TOTL_LVLH_POPNO,0.3749173294722182,0.2686275333420637,0.03208698743778147,0.01057685849461521,0.002123330963103421,0.655358694793395,0.0069316361780454566,0.3564551371857182
10003,우장산역4번 출구,강서구,202510,82426.18,24010.56,58415.62,1227.44,1212.81,3.64,11.85,1053.0,1057.95,1050.15,1050.83,1058.63,1053.37,1022.97,1082.09,1140.62,1195.58,1284.92,1313.05,1286.3,1284.04,1246.33,1256.19,1323.77,1403.31,1487.05,1481.64,1424.73,1418.13,1411.56,1072.31,EGHTN_TIZN_TOTL_LVLH_POPNO,0.39355303660876373,0.2815966314668897,0.012619761454735059,0.014891385237069099,0.0029655217362966825,0.7097047513524083,0.010568486856967048,0.3248503319243465
10004,서울화곡본동우편취급국,강서구,202510,119223.18,13447.84,105775.34,2628.53,2526.74,29.53,72.42,2962.14,2826.2,2724.04,2635.66,2533.95,2475.63,2430.65,2452.18,2537.12,2512.17,2499.49,2515.94,2462.69,2439.26,2432.99,2443.5,2509.15,2580.66,2639.73,2783.54,2836.91,2837.09,2816.94,3197.1,TNTTH_TIZN_TOTL_LVLH_POPNO,0.3550122192803235,0.2712432945341924,0.03878593738705664,0.022047138819816754,0.011234416194603067,0.8917645984637801,0.019660857896929108,0.3737444861854842
10009,발산역9번 출구,강서구,202510,12913.49,0.0,12913.49,2324.51,2226.91,49.64,47.95,620.49,602.58,571.72,566.71,587.59,690.33,956.19,1840.92,2792.75,3275.52,3555.57,3706.24,3888.63,3983.75,3975.02,3773.52,3707.05,3675.29,3303.83,2811.2,2436.78,2103.79,1664.83,697.9,THIRTEEN_TIZN_TOTL_LVLH_POPNO,0.6012129805227627,0.23335275201565917,0.04198304158725925,0.18000633446109457,0.021355038266129205,1.0,0.18000633446109457,0.16543426746157788
10010,마곡나루역1번 출구,강서구,202510,25610.0,0.0,25610.0,12918.33,12448.59,220.88,248.86,7218.47,6945.66,6870.3,6811.85,6897.68,7188.47,7973.86,10146.06,13586.2,15882.54,17219.1,18259.91,19431.42,19953.16,19876.6,19470.14,18968.62,17654.69,15627.27,14187.87,12504.34,10668.8,9273.1,7423.91,THIRTEEN_TIZN_TOTL_LVLH_POPNO,0.5377247105067275,0.22476224198411543,0.03636228521798096,0.5044252245216713,0.017098185291752107,1.0,0.5044252245216713,0.23751304750915703
10011,방신재래시장,강서구,202510,97219.22,41283.63,55935.59,2095.92,2054.4,15.37,26.79,1423.67,1373.25,1314.58,1280.78,1219.15,1252.61,1424.66,1702.02,1868.42,2131.59,2269.75,2434.99,2512.11,2577.31,2635.34,2699.28,2789.34,2833.53,2829.69,2774.12,2666.56,2535.17,2303.52,1448.96,SVNTN_TIZN_TOTL_LVLH_POPNO,0.45493157112070676,0.28942155529578295,0.020115271575250962,0.021558700018370854,0.007333295163937555,0.479760677888469,0.01034301653520775,0.2556468735835103
10012,이비카드터미널시외터미널,구로구,202510,1592749.53,40204.0600000001,1552545.47,18196.41,16732.65,270.73,1193.13,10175.74,9874.37,9558.59,9388.94,9251.12,9338.67,9777.08,12787.4,19829.15,23781.09,25457.48,26849.61,27681.91,27851.73,27818.48,27275.5,26607.49,24867.62,21344.11,18988.11,17330.67,15820.01,14341.6,10717.29,THIRTEEN_TIZN_TOTL_LVLH_POPNO,0.5454165446950883,0.22564388628377552,0.08044773666893636,0.011424526993895895,0.014878209492971417,0.9790502632112599,0.01118518616043792,0.22893956902113646
10013,가산디지털단지역3번 출구,금천구,202510,155287.65,2250.63,153037.02,1592.11,1420.78,25.96,145.37,652.64,635.04,629.27,630.64,611.7,612.04,720.2,1044.71,1644.51,2087.0,2364.77,2616.82,2787.48,2847.73,2830.71,2745.44,2639.86,2409.79,2018.72,1612.68,1333.14,1099.9,964.06,671.85,THIRTEEN_TIZN_TOTL_LVLH_POPNO,0.6105514947383848,0.20152339527933277,0.1076119112372889,0.010252650484439683,0.016305406033502712,0.985509795177469,0.01010408747894633,0.18792510998228246
10014,서울구로4동우체국,구로구,202510,222481.22,27520.99,194960.23,5008.53,3718.22,73.58,1216.97,3989.09,3935.25,3878.73,3873.22,3792.09,3675.68,3825.46,4201.54,4833.19,5406.09,5774.62,5970.24,5981.1,6225.53,6359.56,6340.33,6265.81,6044.01,5680.34,5366.29,5049.11,4881.86,4699.23,4156.33,FOURTEEN_TIZN_TOTL_LVLH_POPNO,0.452289219972264,0.24818630219949808,0.2576704142732498,0.022512147317423015,0.01469093726103268,0.8175233052412585,0.018404205083017794,0.29952447782823804
10015,서울문래동우체국,영등포구,202510,51505.38,1907.87,49597.51,1079.19,1021.47,12.3,45.43,603.41,571.71,555.91,552.72,558.3,602.2,679.52,889.65,1136.59,1271.75,1341.77,1381.17,1438.11,1468.98,1514.73,1568.12,1583.38,1533.91,1430.4,1338.01,1228.29,1097.08,913.61,641.29,SXTN_TIZN_TOTL_LVLH_POPNO,0.5058537231362505,0.25669974568166537,0.053493824071757526,0.020952956759080314,0.01139743696661385,0.9553276068162232,0.020016938036376008,0.23744653118208414
10016,오목교역8번 출구,양천구,202510,391860.35,281933.25,109927.1,5645.58,5548.93,14.62,83.72,3120.91,3083.69,2968.77,2902.56,2879.6,2915.86,3202.75,4334.89,5323.73,6023.26,6582.39,7082.9,7415.92,7749.65,7922.19,8075.19,8327.74,8429.69,8293.04,7749.57,7004.27,6084.24,4730.98,3289.69,SVNTN_TIZN_TOTL_LVLH_POPNO,0.49898290308876847,0.2741961458219244,0.01741893658401794,0.014407122333249589,0.002589636494390302,0.5193319375511461,0.007482078755862899,0.22682095108930694
10017,목1지구대,양천구,202510,151458.13,103264.11,48194.02,3375.99,3342.43,4.01,29.58,3200.83,3194.17,3188.66,3171.5,3186.73,3133.64,3066.51,3027.37,3342.95,3510.29,3542.22,3519.4,3519.57,3541.6,3585.91,3556.84,3552.07,3598.49,3597.27,3617.06,3514.93,3468.48,3125.32,3262.06,NNTN_TIZN_TOTL_LVLH_POPNO,0.3940368437103782,0.2540624139528265,0.009949674021546272,0.022289922634063947,0.0011877997268949256,0.38836015509524613,0.008656517811226111,0.35190074233679536
10018,등촌역4번 출구,양천구,202510,125322.64,51122.3,74200.34,2978.76,2935.62,5.73,38.16,2130.81,2127.36,2091.68,2103.25,2126.21,2165.99,2178.91,2379.89,2750.18,3057.03,3320.85,3575.36,3649.43,3719.66,3779.94,3801.16,3884.4,3845.97,3723.67,3581.86,3337.32,3079.17,2910.32,2169.89,SXTN_TIZN_TOTL_LVLH_POPNO,0.4564786472460393,0.2630038952132114,0.014734318978366837,0.023768730055479203,0.0019236192241066752,0.67992050383381,0.016160846914811244,0.2805174575407492
10019,시흥1동주민센터,금천구,202510,126180.85,14736.37,111444.48,1612.81,1477.86,8.11,127.08,1308.8,1281.84,1252.52,1239.48,1233.1,1223.15,1212.3,1202.94,1229.48,1381.05,1518.02,1628.48,1708.48,1790.21,1905.99,1980.81,2075.62,2107.72,2159.52,2073.8,2019.53,1936.19,1812.49,1425.99,EGHTN_TIZN_TOTL_LVLH_POPNO,0.4158464339349134,0.29522746361106667,0.08382264494887805,0.012781733519785291,0.005028490646759382,0.8707845313459118,0.011130135832814567,0.28892610245401984
10020,영등포우체국,영등포구,202510,451596.83,6189.41000000003,445407.42,7825.2,7158.25,330.93,336.01,2567.93,2476.91,2246.74,2193.38,2263.65,2507.59,2869.84,3848.39,5299.19,6463.44,8469.23,11024.25,13045.84,14390.5,15086.61,15333.43,14944.21,14355.44,13543.26,11693.57,9054.96,6530.92,4783.61,2811.9,FFTN_TIZN_TOTL_LVLH_POPNO,0.602290016138566,0.2578114221687317,0.08522977048509943,0.017327845281819184,0.042290292899861984,0.9729489342125441,0.016859108599145835,0.13989856169270232
10021,영등포역5번 출구,영등포구,202510,322907.24,3079.23999999999,319828.0,5494.47,4837.28,342.28,314.9,5433.23,5068.44,4888.23,4736.62,4701.38,4659.96,4451.44,4297.78,4325.52,4573.15,4876.2,5325.73,5738.18,6108.51,6373.94,6443.92,6350.74,6418.58,6559.38,6626.66,6393.57,6090.26,5566.37,5859.47,NNTN_TIZN_TOTL_LVLH_POPNO,0.39592048852763,0.28131099410118937,0.119607532664661,0.017015629627877036,0.062295362428041276,0.9885466660114623,0.016820743938723702,0.3227685173711807
10022,영등포동주민센터,영등포구,202510,136040.34,21244.85,114795.49,2944.66,2759.83,47.05,137.79,3180.78,3193.67,3172.09,3165.02,3145.05,3099.54,3073.32,2961.73,2835.86,2761.3,2788.62,2851.19,2876.19,2875.0,2907.39,2896.89,2853.49,2824.23,2790.04,2796.57,2804.96,2785.36,2820.47,3212.97,TNTTH_TIZN_TOTL_LVLH_POPNO,0.3627235388181384,0.24352552286465884,0.06277125372708564,0.021645491329998146,0.015978075567298092,0.8289242221512841,0.017942472063801077,0.3937509383172026
10023,영등포구청역5번 출구,영등포구,202510,148279.35,26778.41,121500.94,4746.15,4530.41,50.37,166.38,3757.32,3723.97,3657.73,3630.56,3632.88,3744.87,3872.28,4270.63,4746.53,4909.68,5186.22,5362.34,5414.31,5440.61,5427.2,5447.99,5533.97,5689.44,5830.38,5644.14,5293.42,4998.63,4771.8,3920.82,EGHTN_TIZN_TOTL_LVLH_POPNO,0.4250085946764627,0.26740233234411154,0.04566859454505231,0.03200816566838201,0.010612812490123575,0.819508443685935,0.026230962032137314,0.3075890729794257
10024,망원1동주민센터,마포구,202510,348734.45,199529.07,149205.38,7398.12,7053.02,138.79,208.82,7135.13,7334.14,7267.4,7267.45,7200.67,6793.56,6498.25,6277.66,6016.18,6193.97,6570.95,7102.56,7433.77,7645.1,7825.48,8013.74,8256.97,8414.98,8619.95,8503.35,8121.72,7894.47,7822.03,7343.33,EGHTN_TIZN_TOTL_LVLH_POPNO,0.3799293291950716,0.2720590566829103,0.04698626137451137,0.02121419320632074,0.0187601715030305,0.4844690272663866,0.010277619546907396,0.3480116141220181
10025,서울여의도광장우체국,영등포구,202510,569967.13,0.0,569967.13,6163.41,5868.07,152.11,143.22,2355.17,2328.94,2297.69,2310.81,2646.63,2893.47,3401.33,5128.08,8234.07,9955.42,10590.85,11292.1,11243.73,10909.62,10575.51,10124.74,9477.29,8104.15,5882.87,5007.62,4284.05,3541.15,2909.58,2426.89,ELEVEN_TIZN_TOTL_LVLH_POPNO,0.6237987568563276,0.1626005531572908,0.047916656526176264,0.01081362358562677,0.024679519941071586,1.0,0.01081362358562677,0.21360068998638207
10026,합정역2번 출구,마포구,202510,212238.0,31301.54,180936.46,7001.25,5989.56,670.36,341.34,3724.08,3477.81,3532.79,3508.82,3452.57,3625.45,3821.71,4382.84,5365.95,6659.93,7715.49,8561.5,9288.07,9859.29,10282.72,10525.07,10741.55,10816.43,10523.44,9866.07,9100.67,8101.02,6853.59,4243.07,SVNTN_TIZN_TOTL_LVLH_POPNO,0.5025893303651319,0.2897570688745748,0.1445027673629709,0.032987730755095694,0.09574861631851456,0.8461774683092306,0.027913474495613416,0.20765360076029307
10027,홍대입구역3번 출구,마포구,202510,590681.12,150262.49,440418.63,23920.19,19120.76,3037.14,1762.33,17394.89,16527.19,16460.18,16179.37,15881.24,16029.75,16121.82,16901.89,17741.78,19987.64,22342.25,24917.74,27728.32,29924.02,31266.73,32139.73,33171.24,34178.32,34566.99,33238.71,30988.41,27881.31,23665.48,18849.6,EGHTN_TIZN_TOTL_LVLH_POPNO,0.44532807533941865,0.29471353176866266,0.20064514537718972,0.04049594474934293,0.1269697272471498,0.7805598534125356,0.031609508697349256,0.25995839289191874
10028,홍대입구역9번 출구,마포구,202510,1305824.66,210383.55,1095441.11,32954.19,26094.88,4770.21,2093.44,26982.78,25717.41,23844.74,22585.96,21390.98,19522.38,18425.92,18519.85,20653.18,24130.2,27173.91,31563.76,36201.97,40474.76,43380.94,45452.33,46855.3,47791.21,48809.33,48458.51,45916.74,41311.74,35215.95,30520.66,EGHTN_TIZN_TOTL_LVLH_POPNO,0.4337136917511913,0.3163898958669276,0.20827852239730363,0.02523630546232754,0.1447527613332326,0.8531097259559406,0.021529337637106655,0.24989641238188098
10029,응암동 감자국 거리,은평구,202510,76495.1,26509.37,49985.73,3148.98,3065.9,7.7,75.91,3013.98,2987.16,2969.41,2959.69,3021.15,2941.68,2895.44,2885.6,2891.02,3105.17,3197.72,3233.72,3210.49,3254.11,3313.26,3405.81,3444.29,3379.33,3365.95,3377.38,3328.7,3288.29,3203.22,2903.03,SXTN_TIZN_TOTL_LVLH_POPNO,0.39091849750448565,0.25757744563060037,0.026551454756778385,0.04116577401689781,0.0024452362352253747,0.6579940171103025,0.027086833012833503,0.3515040568649141
10030,연신내역6번 출구,은평구,202510,207745.92,49185.18,158560.74,6211.95,6074.02,29.29,109.67,4636.91,4135.93,3865.12,3675.28,3582.89,3751.95,4147.96,5640.35,5863.63,6017.19,6381.04,6619.28,6837.82,6939.29,7032.53,7360.22,7854.21,8271.36,8945.61,8760.43,8385.9,7866.33,7112.13,5403.56,EGHTN_TIZN_TOTL_LVLH_POPNO,0.424671325962063,0.3117239258816267,0.02236978726486852,0.02990167027106958,0.004715105562665508,0.8032614557425607,0.0240188591910734,0.2636047481563104
10031,신림역4번 출구,관악구,202510,183140.65,23582.21,159558.44,6747.66,6354.63,34.76,359.48,4976.94,4498.41,4148.18,3927.77,3980.55,4086.85,4385.77,5433.99,5763.89,5956.03,6331.08,6855.66,7230.3,7617.92,7892.38,8196.62,8590.78,9162.41,9822.81,9952.83,9675.29,9203.26,8448.35,5805.73,NNTN_TIZN_TOTL_LVLH_POPNO,0.4188686445544688,0.32670759856197024,0.05842618033510877,0.03684414137440268,0.005151415453653563,0.8605620318747536,0.031706669163836645,0.2544237568835608
10032,신림역6번 출구,관악구,202510,141653.19,17703.85,123949.34,8558.48,7910.87,171.91,476.87,7612.55,7628.2,7680.26,7554.52,7361.24,7875.4,7846.42,8234.84,7566.57,7233.55,7399.1,7538.52,7666.3,7816.74,8035.26,8377.61,8684.13,9248.32,10456.63,11133.02,11503.25,11731.38,11961.1,7258.62,TNTT_TIZN_TOTL_LVLH_POPNO,0.3505272280374149,0.31179600467431107,0.07580551686748115,0.06041854758089105,0.020086510688813904,0.860317486282611,0.051979132979638513,0.3376767672882739
10033,보라매병원역2번 출구,동작구,202510,890391.68,658907.98,231483.7,8450.24,8183.5,38.86,230.8,7167.03,7161.05,7192.99,7228.73,7274.58,7302.41,7272.94,7827.64,8733.83,9234.53,9656.61,10117.14,10473.82,10556.51,10499.52,10237.68,9990.35,9365.47,8482.32,8061.81,7530.02,7132.2,7035.68,7228.52,THIRTEEN_TIZN_TOTL_LVLH_POPNO,0.44451631256097635,0.2242542514333703,0.03191151967281403,0.009490475023306596,0.004598685954481766,0.31507980838414057,0.002990257051817914,0.3312294360056535
10034,신림역7번 출구,관악구,202510,245077.2,33417.28,211659.92,5266.02,4904.51,51.25,310.61,5209.9,5118.03,5120.84,5035.06,4984.02,5035.59,5071.05,5103.67,5138.8,5222.44,5272.2,5317.48,5235.26,5249.04,5289.83,5284.64,5357.62,5352.76,5535.09,5598.12,5575.59,5549.27,5451.56,5276.68,NNTN_TIZN_TOTL_LVLH_POPNO,0.37648014543550984,0.26099956529493246,0.06871603222167785,0.021487188526717296,0.009732207625493256,0.8962043440776906,0.019256911699660352,0.3625202892695579
10035,신림역2번 출구,관악구,202510,108912.74,46321.42,62591.32,1296.72,1212.16,10.23,74.71,1360.43,1397.1,1373.56,1356.23,1328.98,1263.38,1247.41,1274.48,1338.0,1361.11,1349.69,1352.45,1334.88,1335.33,1324.41,1271.27,1280.79,1283.84,1332.67,1280.37,1174.97,1084.09,1028.76,1387.13,ONE_TIZN_TOTL_LVLH_POPNO,0.38217421941800045,0.23417990169443273,0.0655037324942933,0.011906045151375312,0.00788913566537109,0.8036044789931519,0.0095677512107399,0.3836458788875668
10036,신대방삼거리역1번 출구,동작구,202510,104935.71,26317.75,78617.96,2253.21,2180.19,7.49,68.53,1551.71,1507.97,1483.52,1489.19,1654.79,1607.22,1700.56,1846.75,1885.99,2060.51,2204.99,2354.98,2473.42,2550.92,2640.49,2776.64,2950.83,3044.77,3111.59,3090.21,2981.94,2850.25,2649.86,1607.89,EGHTN_TIZN_TOTL_LVLH_POPNO,0.42638375397743106,0.30126935689283,0.033738533026215926,0.02147229003358342,0.003324146439967868,0.7576080347592989,0.016267579454124815,0.2723468891297389
10037,관악산지구대,관악구,202510,155403.48,17534.12,137869.36,4600.94,4283.27,21.82,296.52,4301.87,4360.89,4376.45,4384.74,4432.58,4372.44,4340.05,4323.96,4311.51,4351.89,4372.15,4436.7,4471.24,4522.08,4607.6,4719.04,4784.24,4863.12,4939.88,5099.63,5188.97,5254.71,5332.98,4273.74,TNTT_TIZN_TOTL_LVLH_POPNO,0.3724610011405289,0.2724980950433453,0.06919020895730003,0.029606415506267938,0.004742509139436724,0.8703025903402349,0.025766540105794284,0.3550409038161258
10038,노량진119안전센터,동작구,202510,183953.05,67472.84,116480.21,3963.34,3799.37,15.75,148.99,3608.81,3572.57,3577.09,3570.8,3626.04,3576.38,3525.18,3500.08,3552.59,3714.37,3846.96,4035.21,4176.41,4190.86,4170.79,4214.32,4285.35,4422.05,4570.12,4568.47,4463.71,4367.74,4257.58,3726.59,EGHTN_TIZN_TOTL_LVLH_POPNO,0.3895741456035514,0.27285734756082497,0.04156595194961825,0.021545388891350267,0.00397392098583518,0.7056371646136843,0.015203227127791576,0.33756850683562367
10039,서울여의대방로우편취급국,영등포구,202510,846484.46,139958.26,706526.2,9404.88,8768.15,421.47,216.47,3563.54,3379.65,3318.18,3277.18,3262.96,3513.77,4221.06,7116.11,10765.01,12780.33,14223.03,15566.28,16272.51,16706.03,16705.04,16486.11,16046.07,14384.57,11881.87,9823.21,7615.54,6014.38,4973.4,3821.32,THIRTEEN_TIZN_TOTL_LVLH_POPNO,0.6165679922859207,0.19550893673785977,0.0678307431886425,0.011110517020005305,0.04481396891826372,0.9615508119189188,0.010683326661425067,0.1879230709762196
10040,신촌역3번 출구,서대문구,202510,506457.88,23939.63,482518.25,15986.24,12747.77,687.09,2551.38,13512.01,12525.88,11772.79,11328.35,10933.98,10931.89,11253.32,11923.75,12483.48,13448.99,14735.99,16686.48,17952.28,18361.22,18497.72,18766.8,19423.79,21099.52,22651.2,22442.55,21393.47,19770.17,17486.54,14287.67,EGHTN_TIZN_TOTL_LVLH_POPNO,0.41434789349092443,0.3076384633204424,0.2025785925896271,0.03156479666186653,0.042980087875572996,0.9166864753688172,0.028935022197699837,0.2780136431886333
10041,정음철물,서대문구,202510,66820.6,11486.05,55334.55,2138.53,1860.48,26.04,252.01,1595.77,1597.2,1595.85,1593.63,1595.1,1660.33,1819.51,2047.59,2134.26,2262.27,2315.54,2482.61,2574.7,2568.7,2568.28,2537.33,2553.8,2598.73,2548.54,2459.56,2311.53,2192.9,2098.73,1612.37,SVNTN_TIZN_TOTL_LVLH_POPNO,0.4376431446533772,0.2576458606877022,0.130019218809182,0.032004052642448585,0.012176588591228553,0.854002515746798,0.02733154147074405,0.3047109946589204
10042,불광역6번 출구,은평구,202510,178952.36,31455.77,147496.59,2764.98,2689.67,9.63,66.2,1717.62,1845.22,1926.49,2000.97,2038.76,2122.88,2219.74,2363.53,2508.69,2769.06,2997.86,3234.06,3358.33,3420.55,3485.44,3541.87,3621.02,3601.11,3663.35,3461.76,3203.28,3049.0,2954.98,1254.09,EGHTN_TIZN_TOTL_LVLH_POPNO,0.45252341558109244,0.26501733131242683,0.02742515316566485,0.015450927833530668,0.0034828461688692146,0.6910936064636996,0.010678037439685066,0.2824592531064806
10043,서울대입구역1번 출구,관악구,202510,215594.66,93547.01,122047.65,7081.9,6692.0,42.01,349.04,6811.57,6864.59,6788.99,6728.45,6556.15,6508.86,6454.9,6311.56,6176.85,6136.84,6223.1,6462.54,6599.58,6660.47,6847.86,6962.8,7140.97,7623.05,8345.23,8880.5,8920.96,8680.28,8293.68,6985.77,TNT_TIZN_TOTL_LVLH_POPNO,0.35687943821556795,0.29480338809835294,0.05521823239526116,0.03284821618494632,0.005932023891893418,0.5994238834211159,0.019690005309036876,0.3483171736860794
10044,서울봉천초등학교,관악구,202510,66934.85,4233.23,62701.62,2178.66,2110.64,7.36,60.77,1574.9,1524.62,1501.61,1498.14,1525.57,1607.18,1749.81,1889.13,2091.53,2233.26,2319.36,2389.6,2440.9,2482.71,2628.91,2729.66,2787.45,2778.61,2716.73,2686.83,2634.85,2498.27,2369.18,1628.95,SXTN_TIZN_TOTL_LVLH_POPNO,0.43586606119673144,0.27797729334742977,0.03127151551871334,0.032548963656451005,0.0033782233115768412,0.9096830161659002,0.02960923943207462,0.286156645455839
10045,서울대입구역3번 출구,관악구,202510,129353.86,23070.77,106283.09,3831.61,3625.68,32.52,173.42,2315.82,2185.71,2080.98,2047.9,2098.72,2142.25,2419.83,3185.77,3634.18,3845.04,4092.42,4327.2,4493.98,4531.99,4654.34,4836.03,5031.44,5429.32,5867.82,5538.85,5226.0,4900.24,4462.08,2610.6,EGHTN_TIZN_TOTL_LVLH_POPNO,0.4484822557477278,0.31107061217064075,0.05374764133092877,0.029621149303159566,0.008487293852975643,0.8376191731413165,0.024811242586808,0.2404471320816311
10046,봉천역1번 출구,관악구,202510,77689.52,25711.11,51978.41,2107.28,1966.36,16.01,125.84,2221.62,2232.39,2209.82,2233.98,2254.06,2235.88,2128.15,1945.27,1873.26,1742.98,1748.57,1839.28,1865.5,1840.42,1842.5,1885.34,1967.21,2065.35,2258.89,2367.22,2397.94,2510.82,2610.65,2297.6,TNTT_TIZN_TOTL_LVLH_POPNO,0.33212554894047813,0.28557994412225873,0.0673142629361072,0.027124379195546583,0.007597471622185946,0.6635473216658441,0.017998309167053677,0.3822945069372631
10047,숭실대입구역2번 출구,동작구,202510,50077.18,6663.58,43413.6,1761.06,1698.48,5.84,57.67,1695.16,1704.08,1699.24,1699.74,1672.82,1644.34,1598.01,1561.28,1574.94,1608.15,1657.96,1728.37,1766.41,1802.74,1836.65,1884.02,1937.28,2015.84,2038.98,2031.56,1900.67,1790.46,1694.11,1722.7,EGHTN_TIZN_TOTL_LVLH_POPNO,0.3841766016782952,0.2644823166690761,0.036063507205887364,0.03516691634792534,0.0033161845706563093,0.8561093886636458,0.030106727255807937,0.3513410816526289
10048,공덕역9번 출구,마포구,202510,361471.24,51373.19,310098.05,5998.15,5449.84,310.4,238.43,2924.19,2556.06,2544.04,2436.68,2453.11,2729.35,3432.96,5060.7,5961.43,6738.71,7168.97,7732.78,7965.41,7869.26,8011.58,8059.4,8272.34,8969.92,9582.25,8711.46,8017.45,7341.05,6133.78,3282.61,EGHTN_TIZN_TOTL_LVLH_POPNO,0.4917378975959862,0.2991799756994333,0.09149987912939822,0.01659371296040039,0.05174928936422064,0.8303043438393505,0.013777831951443772,0.20908212670458076
10049,마포역2번 출구,마포구,202510,423123.9,21394.16,401729.74,7967.99,7210.46,519.7,237.83,8281.77,8477.06,8406.23,8414.07,8394.22,8417.6,8271.96,7630.15,8499.99,8579.9,8460.55,8531.17,8786.59,8468.74,7901.96,7802.4,7793.56,7651.98,6779.33,6758.13,6682.75,6680.2,7158.15,8403.29,TLV_TIZN_TOTL_LVLH_POPNO,0.3868439733464761,0.22204393360412167,0.095071655461415,0.01883133994558095,0.06522347543106857,0.9289733044343681,0.017493812096173247,0.39111209304940203
10050,이대역2번 출구,서대문구,202510,376411.22,37569.4,338841.82,8700.89,7094.44,511.06,1095.39,8905.99,8843.95,8763.86,8792.1,8750.46,8646.05,8705.57,8775.65,8939.19,8929.34,9008.5,9129.17,9228.04,9083.53,8782.02,8577.21,8722.99,8649.58,8571.34,8338.08,8069.3,7828.57,7589.68,9191.29,TLV_TIZN_TOTL_LVLH_POPNO,0.3836309735599015,0.23746726030935714,0.18463053779555885,0.023115384286366385,0.05873652005714358,0.8974599150201876,0.020745130817301356,0.3789017661307417
10051,낙성대역1번 출구,관악구,202510,155851.28,33853.27,121998.01,4675.05,4512.0,16.3,147.43,3519.26,3517.24,3463.27,3486.27,3466.22,3528.15,3635.88,4237.73,4770.76,4651.98,4705.81,4874.1,4953.92,4991.51,5112.19,5366.23,5568.83,5943.69,6276.65,6031.88,5775.58,5520.25,5176.18,3627.63,EGHTN_TIZN_TOTL_LVLH_POPNO,0.4114773806806539,0.2888397549366892,0.03502208532529064,0.02999686624325447,0.0034865937262703074,0.8159805777478315,0.024476860247795208,0.29968286438265684
10052,흑석역3번 출구,동작구,202510,218994.98,76916.19,142078.79,5446.38,5060.08,44.03,343.51,3683.79,3540.54,3527.25,3511.39,3585.62,3859.64,4160.25,4829.71,5758.11,6206.83,6490.89,6587.83,6871.21,7027.85,7197.02,7096.78,6956.8,6722.03,6434.24,6154.57,5936.45,5556.16,5098.91,3913.07,FOURTEEN_TIZN_TOTL_LVLH_POPNO,0.4678958898433396,0.25318778023569366,0.07115551981316029,0.02486988514531246,0.008084268817085844,0.7117039207693918,0.017699994767003336,0.27891632992096665
10053,용산역2번 출구,용산구,202510,545902.16,62662.48,483239.68,13489.41,12205.28,755.63,529.58,7705.19,7611.76,7515.05,7431.33,7463.69,7615.64,8319.5,9854.9,11311.98,13375.67,14551.23,16784.16,18435.94,19789.22,19970.91,21120.83,20966.72,20692.31,19718.06,17723.57,15282.58,12281.13,10238.77,7985.64,FFTN_TIZN_TOTL_LVLH_POPNO,0.5117811574254342,0.2570836599012966,0.09527547906098191,0.024710307063082512,0.05601653445184037,0.8628746550071501,0.021321897682178067,0.23113518267326913
10054,서울용문동우체국,용산구,202510,267853.77,29848.87,238004.9,5223.38,4969.28,59.61,195.25,2949.26,2866.84,2829.41,2811.32,2816.51,2977.78,3317.62,4083.28,5309.9,6130.65,6541.72,6994.33,7307.89,7485.67,7552.96,7661.31,7615.8,7548.9,6664.35,6003.31,5494.14,4969.59,4382.96,3045.68,FFTN_TIZN_TOTL_LVLH_POPNO,0.517219365676041,0.24377586426675307,0.04879216139740934,0.019500864221548942,0.011412150752960726,0.8718320321324506,0.017001478082612015,0.2390047700572059
10055,삼각지역2번 출구,용산구,202510,129414.42,20037.54,109376.88,5851.92,5462.04,169.97,219.91,4946.17,4800.1,4688.9,4660.39,4689.22,4663.5,4934.26,5191.76,5779.79,6290.32,6800.17,7265.98,7557.92,7794.97,7676.96,7532.41,7239.67,6761.03,6127.67,5637.7,5186.57,4675.71,4229.07,5315.87,THIRTEEN_TIZN_TOTL_LVLH_POPNO,0.4622372951447356,0.2219541004019264,0.06662428741336177,0.04521845401772075,0.029045168081586897,0.8253940587021013,0.037323043289920865,0.3158086044533381
10056,신광여자중학교,용산구,202510,72006.9,26574.14,45432.76,3300.37,3092.48,36.44,171.45,2689.55,2697.27,2700.43,2697.21,2678.41,2730.91,2721.59,2946.4,3162.12,3383.57,3523.02,3861.7,3924.07,3827.3,3797.8,3796.8,3792.37,3884.99,3913.98,3784.79,3579.67,3363.1,3119.13,2632.68,TLV_TIZN_TOTL_LVLH_POPNO,0.4266141439227883,0.25746299088258556,0.0629899071922239,0.045834079789575724,0.011041186291234012,0.62311801404085,0.028560040773870286,0.31592286519462587
10057,이화여자외국어고등학교,중구,202510,216345.93,31452.4,184893.53,2522.67,2320.28,105.45,96.94,673.86,669.28,672.1,688.94,725.6,822.04,1079.36,1908.88,3416.98,4149.65,4549.52,4849.65,4950.22,5084.95,5023.87,4690.21,4102.24,3524.6,2586.3,2041.01,1549.72,1168.19,886.66,730.22,THIRTEEN_TIZN_TOTL_LVLH_POPNO,0.6759526328351009,0.14802610661163235,0.0802284880701796,0.011660353397912316,0.041800948994517716,0.8546183210645864,0.009965151643943569,0.17602126055326656
10058,경복궁역6번 출구,종로구,202510,783357.4,27027.53,756329.87,6862.05,6434.09,197.73,231.89,3328.62,3255.12,3197.64,3182.1,3212.65,3368.59,3914.22,4960.65,7684.3,9161.76,10006.73,11237.13,11595.02,11486.9,11266.28,10890.03,10382.83,9763.13,8145.99,6787.52,5808.59,4738.08,3910.97,3404.32,TLV_TIZN_TOTL_LVLH_POPNO,0.5816400070508584,0.1991355594299249,0.06260811273598997,0.0087597946990735,0.028815004262574592,0.9656210607617257,0.008458642249374296,0.2192244335192169
10059,경복궁역2번 출구,종로구,202510,123107.06,34557.46,88549.6,5007.15,4380.98,483.21,142.96,2512.97,2474.88,2469.21,2465.61,2497.21,2562.97,2738.06,3195.71,4099.07,5235.43,6027.01,7039.27,7956.66,8400.95,8470.26,8182.32,7808.92,7353.75,6551.0,5810.02,5136.0,4486.91,3943.86,2753.58,FOURTEEN_TIZN_TOTL_LVLH_POPNO,0.5531635877785798,0.23867005881504647,0.12505517110531938,0.04067313442462195,0.09650399928102814,0.7013790279899743,0.02852728348804691,0.20816635340637385
10060,사당역8번 출구,동작구,202510,200152.8,64117.95,136034.85,7479.07,7107.67,66.16,305.4,5084.27,4881.34,4815.79,4816.99,4625.0,5303.61,5662.08,7484.23,7712.68,7293.14,7108.81,7429.96,7696.85,7785.17,7829.74,7983.07,8777.2,10233.35,11782.32,10873.58,10369.98,9623.47,8325.4,5999.74,EGHTN_TIZN_TOTL_LVLH_POPNO,0.4018840456903727,0.31741057284444263,0.049679973579602806,0.03736680176345272,0.008846019625434713,0.7236755371991438,0.02704144033958056,0.28070538146518476
10061,사당역11번 출구,서초구,202510,84115.65,26761.99,57353.66,2327.16,2241.79,8.53,77.32,1739.25,1667.35,1612.06,1564.25,1558.12,1567.2,1672.65,1707.78,1785.36,1938.17,2109.4,2398.15,2648.26,2712.36,2691.65,2681.54,2805.7,3061.51,3501.52,3570.9,3392.79,3009.53,2599.68,1856.64,NNTN_TIZN_TOTL_LVLH_POPNO,0.4126408056174355,0.32104701332919855,0.03689045875659602,0.027666195291839273,0.003665411918389797,0.6611492119149521,0.018291483213884692,0.26631218105336585
10062,이수역12번 출구,동작구,202510,289067.71,117393.38,171674.33,10800.16,10421.84,32.42,346.75,8699.16,8478.58,8230.06,8197.57,7539.44,8326.12,8704.76,9105.31,9565.48,10206.48,10720.66,11161.03,11552.02,11871.49,12307.17,12823.25,13260.3,13728.21,14444.86,14087.83,13420.91,12445.82,11393.21,8934.21,EGHTN_TIZN_TOTL_LVLH_POPNO,0.41523525511360887,0.28829362270857545,0.03510781321758196,0.03736204227030407,0.0030018073806313984,0.6681734344676376,0.024964324102474122,0.29647112217781574
10063,시청역9번 출구,중구,202510,204975.17,87.6000000000058,204887.57,1528.65,1429.92,46.25,52.48,274.54,260.32,263.66,267.18,286.68,359.86,520.26,1094.91,2285.13,2731.49,2861.09,2717.19,2898.27,3003.78,2939.9,2860.57,2773.87,2542.83,1775.17,1219.86,980.73,791.83,641.51,337.01,THIRTEEN_TIZN_TOTL_LVLH_POPNO,0.6903957300060727,0.15662250283746787,0.06458639976449808,0.007457732563412436,0.03025545415889837,0.9995747882118208,0.007454561447613386,0.1529817671564592
10064,시청역8번 출구,중구,202510,83452.12,133.029999999999,83319.09,622.36,582.17,18.83,21.37,111.78,105.98,107.34,108.78,116.72,146.51,211.82,445.77,930.35,1112.08,1164.84,1106.26,1179.98,1222.94,1196.93,1164.63,1129.33,1035.27,722.73,496.65,399.29,322.38,261.18,137.21,THIRTEEN_TIZN_TOTL_LVLH_POPNO,0.6903951662844997,0.156623094046563,0.06459284015682241,0.0074576895110633505,0.030255800501317563,0.9984092808021081,0.007445826421186185,0.15298173966893736
10065,서울소공동우체국,중구,202510,289865.04,1499.16999999998,288365.87,4424.07,3056.45,1137.47,230.15,1733.54,1636.79,1616.39,1605.15,1588.1,1749.98,2007.59,2638.56,4164.21,5151.27,6112.77,7235.81,7664.59,7854.53,8070.57,8060.42,7859.26,7242.9,6207.39,5106.99,3759.39,2906.26,2356.71,1848.55,FOURTEEN_TIZN_TOTL_LVLH_POPNO,0.6145556713781385,0.20894487092018926,0.30913163670556754,0.015262516652577352,0.2571094037842982,0.9948282915957478,0.015183583366935177,0.17649945770167227
10066,회현역5번 출구,중구,202510,492986.48,3758.71999999997,489227.76,12024.1,9547.73,1930.78,545.58,4343.5,4256.72,3954.42,3648.72,3744.5,4164.84,5218.49,7213.42,11594.54,15103.91,18682.09,22201.29,24409.43,25360.57,25480.3,24405.93,21706.0,17905.37,13567.36,9910.02,6833.49,5689.29,5209.19,3974.91,FOURTEEN_TIZN_TOTL_LVLH_POPNO,0.676609745084783,0.15657539045728672,0.20594971765038547,0.02439032405107743,0.16057584351427548,0.9938332182866078,0.024239914246735533,0.16681486445793053
10067,서울역1번 출구,중구,202510,284572.46,0.0,284572.46,4182.89,3574.43,474.87,133.6,988.46,739.34,693.64,690.77,876.5,1130.2,1817.95,3082.91,3862.71,4749.2,5232.32,6736.69,7480.27,7375.26,6604.73,6883.72,7281.78,7480.74,7092.34,6085.18,4888.33,4137.35,3051.97,1427.11,SVNTN_TIZN_TOTL_LVLH_POPNO,0.59592614643747,0.26578763689060214,0.1454664119783212,0.014698857366591272,0.11352677215991813,1.0,0.014698857366591272,0.13828621667192784
10068,명동역6번 출구,중구,202510,816641.09,416.459999999963,816224.63,20632.41,12002.04,7164.13,1466.24,10433.58,9959.51,9915.47,9917.44,9965.27,9879.75,11227.6,13567.65,19140.81,22707.55,24931.49,27093.8,29723.49,31248.06,31649.36,31658.58,31956.73,31243.01,29067.04,27005.64,24360.09,20699.43,15793.71,12032.66,SXTN_TIZN_TOTL_LVLH_POPNO,0.5295312357753091,0.2604288617831998,0.41829190094613283,0.025264966767714322,0.34722700838147363,0.9994896379046365,0.025252072486335462,0.21003990244149112
10069,을지로입구역3번 출구,중구,202510,169627.8,119.00999999998,169508.79,1577.7,1307.42,212.79,57.49,501.07,477.94,488.43,461.12,454.91,565.56,695.46,1381.73,2200.47,2555.99,2698.0,2514.03,2730.21,2864.58,2885.97,2859.57,2725.2,2310.79,1725.97,1381.01,1135.34,931.19,785.19,535.03,FOURTEEN_TIZN_TOTL_LVLH_POPNO,0.6376467195355259,0.1714979838773572,0.1713126703429042,0.009300951848694613,0.1348735501045826,0.9992964441909108,0.009294408109991405,0.19085529658711683
10070,종각역12번 출구,종로구,202510,168324.13,143.100000000006,168181.03,4112.72,3620.63,344.64,147.45,1800.69,1670.83,1580.64,1494.53,1504.82,1578.41,1831.56,2647.95,4062.67,4948.0,5482.09,6329.07,6716.11,6801.92,6924.0,6859.45,6653.8,6372.39,5722.71,5037.27,4380.21,3529.22,2658.65,2118.33,FOURTEEN_TIZN_TOTL_LVLH_POPNO,0.5783561615523864,0.23753927346570577,0.11965074208796124,0.024433335850302627,0.08379855667295609,0.999148981695812,0.02441254263426165,0.18410456498190775
10071,종각역11번 출구,종로구,202510,441882.64,5046.60999999999,436836.03,7904.12,6715.59,936.51,252.02,3978.46,3822.85,3667.92,3582.52,3610.71,3634.7,4073.32,5457.5,7570.06,9148.28,10381.43,12341.58,13197.5,13500.65,13545.33,13214.12,12535.53,11345.49,9844.22,8571.77,7335.06,6076.46,5067.95,4195.52,FOURTEEN_TIZN_TOTL_LVLH_POPNO,0.5757012440713294,0.2166115538975365,0.15036841545927945,0.017887373896381176,0.1184837780802923,0.9870738298507614,0.0176561586578735,0.20768720203113433
10072,종로3가역6번 출구,종로구,202510,393681.03,43942.55,349738.48,9055.13,7552.23,1209.1,294.36,5652.75,5165.29,4762.85,4516.64,4357.81,4467.89,4880.24,6077.07,7478.88,8834.96,10045.52,11624.32,12539.52,13364.36,13807.3,13867.11,13738.71,13547.89,12877.12,11618.6,10581.03,9273.87,7670.1,6567.09,FFTN_TIZN_TOTL_LVLH_POPNO,0.5124759268629429,0.2695961731833858,0.1660340602509296,0.023001184486842047,0.13352652032604723,0.9618315805515769,0.0221232656295377,0.21792789995367134
10073,종로3가역12번 출구,종로구,202510,298198.46,6929.15000000002,291269.31,10193.35,8788.2,1053.11,352.04,5133.13,4948.72,4671.03,4528.57,4611.69,4730.62,5447.28,6941.81,9317.53,11620.98,13465.08,15674.46,16832.83,17275.04,17572.0,17325.02,16575.42,14979.67,12807.44,10830.58,9466.3,8004.2,6584.8,5296.1,FOURTEEN_TIZN_TOTL_LVLH_POPNO,0.5776664760466694,0.21660135308859582,0.13784967650478006,0.0341831074513262,0.10331343473931533,0.9748355545527231,0.033322908508648906,0.20573217086473491
10074,서울종로5가우체국,종로구,202510,448398.02,181581.37,266816.65,6829.39,6175.28,459.03,195.08,4629.82,4430.57,4542.5,4540.8,4475.02,4678.86,4909.09,5558.17,6756.54,7781.13,8566.99,9221.1,9661.99,10143.88,10313.95,10141.64,9756.59,8943.61,7458.17,6476.3,5888.35,5334.78,4860.77,4834.8,FOURTEEN_TIZN_TOTL_LVLH_POPNO,0.5157296201675332,0.21264196144337388,0.09577868594413264,0.015230642633078531,0.06721390929497363,0.7258071365085315,0.01105450911669949,0.27162841838909296
10075,종로5가역4번 출구,종로구,202510,62312.82,1146.9,61165.92,959.29,849.53,58.28,51.48,495.56,470.8,458.59,447.39,482.22,563.91,607.94,872.39,1043.03,1168.64,1256.06,1381.11,1440.8,1459.45,1448.88,1428.67,1400.96,1340.15,1227.58,1014.68,921.47,835.34,732.65,524.77,THIRTEEN_TIZN_TOTL_LVLH_POPNO,0.5353211391718902,0.22831433207777937,0.11441795494584536,0.01539474541514892,0.0607532654358953,0.9813299419362237,0.015107324624371036,0.23636452875033
10076,동대문역9번 출구,종로구,202510,115029.8,847.580000000002,114182.22,3783.22,3264.49,326.24,192.48,1611.03,1603.06,1587.82,1578.67,1653.06,1711.05,1964.17,2503.17,3446.21,4445.32,5352.92,6204.54,6849.33,7198.22,7253.93,6882.44,6152.73,5097.59,4262.55,3613.8,3128.29,2687.61,2289.57,1720.1,FOURTEEN_TIZN_TOTL_LVLH_POPNO,0.6105588301310679,0.19496112103922167,0.13711071521085214,0.032889042665465815,0.08623342020818245,0.9926306162475352,0.032646670688812815,0.19448004882971032
10077,종각역2번 출구,종로구,202510,322525.26,781.580000000016,321743.68,3964.58,3633.74,216.64,114.2,1326.2,1301.69,1281.04,1261.48,1293.94,1400.04,1744.51,2535.63,4257.72,5519.91,6230.52,7189.97,7552.25,7754.05,7703.78,7419.15,6945.11,6055.6,4654.83,3654.44,2871.33,2168.37,1698.63,1329.73,THIRTEEN_TIZN_TOTL_LVLH_POPNO,0.6554954539110489,0.17212132180457954,0.08344894036694933,0.01229230851561828,0.05464387148197287,0.9961685727113591,0.012245211429331148,0.17238322428437142
10078,종각역6번 출구,종로구,202510,262067.35,0.0,262067.35,6403.18,5637.04,536.57,229.57,2803.53,2601.36,2460.94,2326.87,2342.88,2457.46,2851.59,4122.64,6325.25,7703.64,8535.18,9853.86,10456.44,10590.04,10780.12,10679.62,10359.44,9921.31,8909.81,7842.63,6819.63,5494.72,4139.31,3298.07,FOURTEEN_TIZN_TOTL_LVLH_POPNO,0.5783561086892102,0.23753929850229383,0.11964992394404031,0.02443333746077106,0.08379742565412811,1.0,0.02443333746077106,0.1841045928084961
10079,을지로입구역1-1번 출구,중구,202510,452169.93,1261.87,450908.06,5185.64,4506.51,509.62,169.51,2047.92,1957.89,1912.64,1949.22,2036.93,2137.59,2570.89,3698.23,6339.59,7768.26,8276.37,9072.52,9222.3,9303.85,9185.11,8797.47,8311.46,7660.8,6003.0,4785.93,3843.29,2938.91,2358.1,2277.15,THIRTEEN_TIZN_TOTL_LVLH_POPNO,0.6235014915380944,0.17842838825340027,0.13096358405134179,0.011468343328358877,0.09827523700064023,0.9972096019006332,0.011436342084932539,0.19807012020850515
10080,동대문역6번 출구,종로구,202510,163110.76,12724.86,150385.9,3157.81,2694.71,209.11,253.99,3151.2,3079.7,3032.53,2963.41,3012.93,2872.82,2655.8,2743.47,2902.9,3114.39,3416.11,3569.28,3637.61,3732.69,3823.41,3774.19,3623.82,3373.59,3070.94,2848.05,2785.87,2699.56,2653.16,3249.99,FOURTEEN_TIZN_TOTL_LVLH_POPNO,0.42309251324296293,0.22836995902486187,0.14665226850253815,0.019359912246132628,0.06621994356848576,0.9249131518362409,0.017906237454843564,0.34853752773217506
10081,동대문역사문화공원역14번 출구,중구,202510,717945.97,6010.69999999995,711935.27,14057.85,11202.93,1855.47,999.45,10419.31,9975.54,9350.98,8903.06,8593.72,8467.36,8821.0,10406.8,12793.99,14846.37,16928.25,18495.5,19611.6,20479.11,21099.82,20644.91,19410.75,17355.87,15570.8,15037.58,14334.93,13179.39,12352.12,10309.55,FOURTEEN_TIZN_TOTL_LVLH_POPNO,0.5005276561004736,0.2394403350845202,0.2030836863389494,0.019580651730658784,0.13198817742400154,0.991168635317634,0.019407727854506937,0.26003200881500604
10082,을지로4가역1번 출구,중구,202510,455461.65,53475.06,401986.59,8605.71,7017.36,1281.68,306.67,4574.19,4520.84,4554.51,4539.93,4638.84,4844.7,5486.8,7490.02,10260.86,11626.38,12262.15,12681.43,13110.42,13290.36,13257.77,13155.43,12722.8,11688.35,9711.29,8088.06,7143.78,6331.42,5771.38,4785.29,THIRTEEN_TIZN_TOTL_LVLH_POPNO,0.5509670906423546,0.20253620416680787,0.1845693150245593,0.018894477723865443,0.14893367310773895,0.8255518719547836,0.015598371454545075,0.24649670519083747
10083,을지로3가역8번 출구,중구,202510,1243475.35,172527.58,1070947.77,24152.09,18252.63,4948.93,951.55,16857.09,16478.51,16374.28,16319.04,16343.39,16606.11,17796.62,21191.16,27946.02,30740.58,31439.73,32771.47,32913.65,32653.46,32183.41,31489.22,30807.19,29208.12,25748.18,23945.78,22631.26,20897.31,19068.0,17220.23,TLV_TIZN_TOTL_LVLH_POPNO,0.49032472984783165,0.22343702440010804,0.24430515123121851,0.019423054908165246,0.20490690453704008,0.9308970776442121,0.0180808650529341,0.2862382457520602
10084,충무로역1번 출구,중구,202510,117625.46,8623.19,109002.27,2560.24,2198.89,211.4,150.02,1541.74,1555.96,1615.1,1639.1,1670.96,1724.49,1743.38,2100.09,2722.11,3008.73,3151.94,3405.96,3469.17,3452.35,3456.35,3466.29,3520.87,3539.39,3236.21,2724.55,2531.83,2379.05,2224.16,1566.05,SVNTN_TIZN_TOTL_LVLH_POPNO,0.49590102371470934,0.23861423956678587,0.14116645314501766,0.021766036026554112,0.08257038402649752,0.9435013904946412,0.020536285256610262,0.26548473671850475
10085,이태원역2번 출구,용산구,202510,461603.4,157039.81,304563.59,10342.65,8336.58,1076.17,929.91,10797.42,10741.34,10192.94,9437.91,8597.29,7854.42,7608.58,7579.92,8007.09,8485.93,9087.12,9945.17,10711.1,11256.11,11552.73,11653.76,11745.83,11911.03,11981.21,12071.14,12038.97,11905.87,11722.32,11338.41,NNTN_TIZN_TOTL_LVLH_POPNO,0.3881531656074134,0.28626575852313163,0.1939618956457001,0.022405922486706118,0.1040516695431055,0.6158537705520346,0.013798771846134582,0.325581075869455
10086,안국역3번 출구,종로구,202510,164931.95,3802.64000000001,161129.31,1389.37,1249.73,110.19,29.45,924.38,921.76,923.78,921.51,938.2,928.87,985.82,1280.4,1474.0,1726.88,1936.16,1974.23,2188.12,2333.8,2394.12,2331.93,2014.47,1515.08,1150.77,1015.3,906.41,825.95,786.25,946.57,FOURTEEN_TIZN_TOTL_LVLH_POPNO,0.5522543871960693,0.1688796080703535,0.10050598472689061,0.008423898462365841,0.07930932724904094,0.9376983812807244,0.007899075952233632,0.27886600473357737
10087,방배역3번 출구,서초구,202510,140036.5,37321.88,102714.62,3932.61,3830.77,22.38,79.75,2193.77,2140.95,2113.81,2123.52,2159.05,2217.61,2372.96,2890.89,3928.2,4562.54,4871.77,5299.96,5494.76,5472.83,5387.78,5401.58,5413.81,5571.25,5409.21,4909.3,4554.04,4068.36,3525.76,2298.89,SVNTN_TIZN_TOTL_LVLH_POPNO,0.5030194124764522,0.2623953991519623,0.025970030081803177,0.02808274985450222,0.0056908770511187225,0.7465601725062998,0.020965462575828445,0.2345851883715854
10088,서울반포4동우편취급국,서초구,202510,75943.15,22278.18,53664.97,1792.32,1655.66,7.35,129.41,1849.47,1863.02,1879.64,1903.9,1921.79,1880.46,1816.63,1757.93,1873.95,1865.08,1862.31,1888.04,1869.02,1829.36,1805.44,1709.37,1693.73,1707.58,1677.51,1650.68,1620.72,1607.2,1635.95,1846.99,FOUR_TIZN_TOTL_LVLH_POPNO,0.3773018592948587,0.23338068805928616,0.07630333868951973,0.023600811923129343,0.0041008302088912695,0.7230126316729155,0.017063685138159267,0.38931745264585527
10089,고속터미널역2번 출구,서초구,202510,531495.53,0.0,531495.53,13539.37,12478.97,642.39,418.01,2518.28,2263.29,2166.76,2163.61,2233.36,2976.6,4479.87,7704.15,10501.9,13203.83,17275.92,21695.41,24596.82,25889.85,26295.75,26491.17,26133.8,26051.86,25105.11,20072.54,14150.75,10232.67,7405.73,3335.83,FFTN_TIZN_TOTL_LVLH_POPNO,0.6389835186191283,0.24712694332201476,0.07831974456714012,0.02547409947173027,0.047446077623995796,1.0,0.02547409947173027,0.11388953805885715
10090,서울한남동우체국,용산구,202510,111659.49,7382.99000000001,104276.5,1631.72,1490.79,42.13,99.65,1002.11,944.08,901.18,873.93,884.5,927.59,1021.01,1339.22,1716.47,1894.82,1975.06,2078.99,2188.53,2252.39,2288.04,2236.88,2203.77,2124.52,2111.44,2018.44,1880.78,1711.64,1483.51,1102.28,FOURTEEN_TIZN_TOTL_LVLH_POPNO,0.4913794732436561,0.2632221500986436,0.08688990758218322,0.014613357091278135,0.02581938077611355,0.9241413968082759,0.0135048082343919,0.2453983766577003
10091,혜화역2번 출구,종로구,202510,150160.11,8577.68999999997,141582.42,3185.22,2977.57,42.89,164.77,1655.73,1619.14,1565.98,1521.6,1618.61,1574.4,1571.61,1666.76,1893.61,2195.67,2501.79,3039.09,3711.17,4533.28,5081.34,5438.99,5539.68,5670.07,5665.86,5591.01,4841.3,3731.08,2524.16,1693.29,SVNTN_TIZN_TOTL_LVLH_POPNO,0.49330854172438776,0.31456119820179734,0.06519486880027127,0.021212158142398803,0.013465317937222547,0.9436177092948055,0.020016168075529514,0.19213026007381498
10092,혜화역4번 출구,종로구,202510,126783.63,14467.03,112316.6,7742.4,6897.01,94.97,750.42,4842.99,4544.14,4427.9,4475.3,4166.66,4452.65,4650.92,5565.0,5771.72,6255.52,6940.46,8268.99,9617.47,10115.84,10121.66,10529.15,11037.94,12034.2,13049.71,12013.46,10772.95,9162.79,7321.98,5678.22,EGHTN_TIZN_TOTL_LVLH_POPNO,0.4570138719891041,0.31212922649638924,0.1091896569539161,0.061067820821978355,0.012266222359991735,0.87682501549907,0.0535457929387256,0.2308569015145065
10093,교대역8번 출구,서초구,202510,865991.67,67203.14,798788.53,13041.77,12368.68,256.04,417.18,8870.29,8622.63,8538.98,8569.29,8666.22,8920.91,9462.47,10786.74,13298.13,15708.04,16961.99,18185.37,18186.87,17957.0,17791.52,17401.76,17019.54,16273.79,14672.87,13571.1,12645.74,11358.22,10270.24,9262.81,TLV_TIZN_TOTL_LVLH_POPNO,0.4967560005587176,0.22933035810702102,0.051620293871153994,0.01505992546094583,0.0196323045108141,0.8982722437215194,0.013527913034082647,0.27391364133426155
10094,서울서초3동우체국,서초구,202510,69169.43,14137.04,55032.39,1247.13,1199.54,12.37,35.21,467.35,467.18,461.61,475.62,494.5,557.42,706.44,1171.11,1563.5,1838.76,1938.99,1982.07,1992.54,1993.66,1954.5,1862.71,1786.32,1752.35,1582.42,1340.08,1190.38,1026.3,854.45,470.83,THIRTEEN_TIZN_TOTL_LVLH_POPNO,0.5713757835080513,0.215978101699604,0.03815159606456423,0.0180300748466483,0.009918773503965103,0.8225846543664251,0.014831262885930967,0.21264611479234466
10095,교대역12번 출구,서초구,202510,382455.51,161434.89,221020.62,8416.17,8079.54,57.82,279.32,5355.73,5268.11,5251.68,5234.31,5276.0,5632.7,6026.21,7275.6,8806.22,9845.17,10356.66,11114.18,11225.53,11129.34,10983.26,10804.5,10960.18,11308.18,10999.06,9587.16,8799.76,8045.17,7019.55,5683.83,SVNTN_TIZN_TOTL_LVLH_POPNO,0.48382555624938084,0.24820537686157637,0.04005860147786938,0.022005618378984786,0.006870108374712013,0.6103013603575023,0.013430058832202468,0.2679690668890428
10096,서초역8번 출구,서초구,202510,54093.93,0.0,54093.93,686.67,671.37,2.02,13.28,214.77,212.65,207.53,208.93,213.99,239.8,313.24,481.08,796.99,1024.95,1119.21,1120.56,1174.43,1230.9,1231.12,1192.4,1147.84,1056.17,831.0,712.89,614.96,508.55,397.93,228.3,FOURTEEN_TIZN_TOTL_LVLH_POPNO,0.624845951411968,0.19985388517972186,0.02228144523570274,0.01269403055019297,0.0029417332925568323,1.0,0.01269403055019297,0.17530016340831026
10097,교대역11번 출구,서초구,202510,127020.18,0.0,127020.18,1612.41,1576.47,4.75,31.19,504.32,499.33,487.31,490.59,502.48,563.08,735.54,1129.64,1871.45,2406.73,2628.07,2631.24,2757.72,2890.33,2890.84,2799.92,2695.28,2480.04,1951.3,1673.96,1444.0,1194.14,934.4,536.08,FOURTEEN_TIZN_TOTL_LVLH_POPNO,0.6248462767512045,0.1998532732747787,0.02228961616462314,0.012694124665860182,0.002945900856481912,1.0,0.012694124665860182,0.17530044997401656
10098,교대역6번 출구,서초구,202510,266157.04,6926.16999999998,259230.87,3147.98,3039.93,13.85,94.2,897.94,845.8,807.52,782.15,734.43,842.4,1169.53,2084.86,3449.02,4280.88,4712.04,5320.42,5525.37,5489.07,5552.89,5452.17,5312.89,5216.17,4542.19,3862.95,3230.11,2564.51,1855.35,1020.77,FOURTEEN_TIZN_TOTL_LVLH_POPNO,0.6202648976994876,0.22601663529068877,0.03432359798982204,0.011827528589888137,0.004399646757603288,0.9738880170776181,0.011518688365334994,0.15371846700982364
10099,약수역8번 출구,중구,202510,103802.22,21312.71,82489.51,2771.5,2643.06,29.08,99.41,1816.45,1748.9,1706.98,1699.18,1694.59,1750.01,1875.27,2225.38,2654.79,2992.08,3210.28,3488.89,3613.58,3553.56,3600.93,3652.78,3635.38,3650.36,3596.52,3423.17,3229.29,3012.08,2773.03,1912.57,FFTN_TIZN_TOTL_LVLH_POPNO,0.4720340429114477,0.2698094670384065,0.04636117625834386,0.026699814319963485,0.010492513079559805,0.7753238318600036,0.020701002348504683,0.25815649005014585
10100,약수역2번 출구,중구,202510,71895.42,7476.91,64418.51,1378.55,1315.37,14.46,49.46,1124.44,1099.05,1085.28,1078.04,1077.98,1081.35,1114.7,1181.1,1287.94,1388.11,1440.21,1555.28,1606.17,1612.48,1618.27,1629.67,1681.11,1702.66,1686.61,1650.81,1539.46,1418.11,1292.47,1133.89,SVNTN_TIZN_TOTL_LVLH_POPNO,0.4302214978967931,0.2636028386114754,0.046367560117514785,0.019174378562640013,0.010489282216822025,0.902078270646694,0.017296790254511345,0.3061756634917315
10101,신당역6번 출구,중구,202510,147528.69,21484.0,126044.69,4224.77,3717.6,82.83,424.57,3612.83,3445.73,3349.92,3327.07,3355.33,3396.56,3405.09,3694.43,3927.31,4102.89,4255.49,4470.73,4660.72,4681.79,4704.92,4762.66,4843.84,5113.43,5291.8,5165.17,4948.9,4678.12,4375.01,3824.85,EGHTN_TIZN_TOTL_LVLH_POPNO,0.4102434853772771,0.2789483146980525,0.12010121261039061,0.02863693834738179,0.019605801025854658,0.8540157215659077,0.02445639556617767,0.31080819992467057
10102,신당역11번 출구,중구,202510,158963.23,42897.09,116066.14,4639.43,4078.32,68.58,492.74,3707.15,3580.55,3486.3,3444.59,3398.79,3467.68,3663.6,4313.43,4759.9,4941.62,5080.08,5235.58,5345.14,5381.93,5475.19,5527.95,5591.11,5592.17,5586.12,5447.01,5229.92,4868.75,4415.41,3806.34,SVNTN_TIZN_TOTL_LVLH_POPNO,0.4326211618508058,0.263623913536066,0.12098900080397808,0.02918555442035243,0.014781988304597761,0.7528618817397826,0.02197269142052536,0.30375492461312814
10103,성신여대입구역2번 출구,성북구,202510,255153.8,52117.35,203036.45,5739.31,5286.7,135.17,317.49,4303.38,4090.22,3830.92,3677.02,3572.47,3645.68,3772.17,4147.03,4790.77,5148.65,5460.28,6024.25,6481.4,6709.81,7071.22,7284.79,7527.47,7802.96,8205.17,8321.48,7896.0,7239.4,6252.8,4488.13,NNTN_TIZN_TOTL_LVLH_POPNO,0.43204102524787563,0.3078402192132956,0.07887010807919417,0.022493531352462712,0.023551611604879327,0.8620287107683675,0.019390069832391287,0.26011875553882885
10104,성신여대입구역6번 출구,성북구,202510,123419.84,30702.36,92717.48,3866.61,3638.37,77.06,151.45,2995.35,2980.96,3043.06,3068.53,3066.4,3175.85,3300.35,3724.34,3718.25,3678.6,3790.55,3885.09,3994.19,4109.99,4093.38,4218.39,4537.49,4869.6,5154.69,4950.06,4815.14,4565.15,4223.07,2840.2,EGHTN_TIZN_TOTL_LVLH_POPNO,0.4006229398952658,0.28608499603658166,0.05909827988858457,0.03132891761972791,0.01992960241658714,0.7561067705302578,0.023688006725660966,0.31329206406815274
10105,남부터미널역3번 출구,서초구,202510,263882.23,84557.1,179325.13,3201.12,3106.65,18.75,75.74,2442.18,2434.81,2460.7,2456.84,2442.56,2433.21,2624.76,2901.3,3474.01,3705.41,3814.01,3968.64,4089.31,4119.98,4085.44,4055.43,3994.46,3739.82,3397.7,3163.15,2939.77,2855.18,2741.91,2486.4,THIRTEEN_TIZN_TOTL_LVLH_POPNO,0.4630209335314236,0.2288793598290601,0.029517793772179737,0.01213086610644453,0.005857324936272305,0.7078397560853702,0.008586709305889981,0.3080997066395165
10106,신사역4번 출구,서초구,202510,378301.06,79061.59,299239.47,7111.56,6570.49,279.67,261.49,4459.9,4461.96,4369.19,4293.48,4041.34,4292.6,4619.71,5730.73,6851.82,8440.85,9125.13,9663.2,9864.93,9988.2,10057.08,10017.69,9998.97,9821.07,9190.85,7901.08,7084.94,6323.23,5532.07,4547.5,FOURTEEN_TIZN_TOTL_LVLH_POPNO,0.5095991551787252,0.23775638408619948,0.07609582145127089,0.018798678491675387,0.03932611128922487,0.8400196300108556,0.015791258951270187,0.2526444607350751
10107,논현역4번 출구,서초구,202510,244534.98,40352.91,204182.07,7896.28,7350.3,211.74,334.27,5051.76,5086.57,5069.42,5097.22,5106.23,5160.06,5534.08,6239.29,7116.77,8739.48,9458.94,9797.16,10091.76,10237.37,10345.3,10400.0,10383.79,10392.31,10314.48,9731.71,9089.85,8407.23,7693.24,4966.75,FFTN_TIZN_TOTL_LVLH_POPNO,0.47409500789849557,0.2649097990578583,0.06914775058635206,0.03229100392917201,0.026815158530345936,0.8040748301731955,0.025964383500470974,0.26099519304364605
10108,강남역9번 출구,서초구,202510,622658.56,10325.8400000001,612332.72,13534.68,12314.41,614.67,605.59,7176.75,6898.09,6487.62,6229.3,6022.62,6035.44,6494.93,8019.58,11095.8,15670.13,18159.21,19487.57,20158.79,21059.78,21451.16,21246.93,20743.15,20057.63,19285.68,16922.39,14927.5,12873.6,10364.46,7964.07,FOURTEEN_TIZN_TOTL_LVLH_POPNO,0.5480810121706539,0.2534776572936832,0.09015802368434274,0.021736921114519005,0.04541444644424544,0.9834307128059179,0.021376755825857432,0.19844133053566307
10109,압구정역4번 출구,강남구,202510,1239375.63,249447.08,989928.55,24670.29,22207.04,1539.44,923.83,14938.73,14535.03,14259.13,14033.94,13666.52,13845.56,14862.37,16921.57,21035.44,27266.3,30526.56,33401.59,35296.53,36344.08,36816.96,36662.57,36103.05,35269.93,32926.79,29258.17,26055.23,22693.19,19614.96,15752.69,FOURTEEN_TIZN_TOTL_LVLH_POPNO,0.519666243581242,0.247093851377118,0.0998476304899537,0.019905418020846517,0.06240056359288845,0.7962946523936281,0.015850577923659837,0.23323990504164013
10110,신사역3번 출구,강남구,202510,240931.64,21364.66,219566.98,3043.0,2756.74,176.72,109.54,1967.99,2005.84,2055.88,2040.11,2161.74,2045.52,2165.83,2398.63,2984.23,3735.6,4115.36,4156.7,4171.65,4361.95,4430.36,4347.96,4347.03,4225.81,3632.4,2829.39,2484.34,2295.85,2104.07,1967.77,FOURTEEN_TIZN_TOTL_LVLH_POPNO,0.5188467358354233,0.20968641010975872,0.094071639829116,0.012630138573746478,0.05807426881367072,0.8979428195859349,0.011341142242670991,0.27146685405481785
10111,압구정로데오역5번 출구,강남구,202510,965794.34,104527.83,861266.51,14277.97,12669.05,1062.49,547.03,7215.4,6564.8,5920.56,5423.47,5132.18,5220.7,5960.0,7357.09,10398.14,15064.16,18501.25,21252.86,23065.46,24032.26,24397.72,24121.41,23369.5,22425.86,20747.04,18206.12,15615.44,13291.36,11124.54,8264.03,FOURTEEN_TIZN_TOTL_LVLH_POPNO,0.5726492162242335,0.25461285281071794,0.11272750958294492,0.01478365466502941,0.07441464017643966,0.9069895790508035,0.01340862072146747,0.17273793096504858
10112,영동고등학교,강남구,202510,388855.98,60600.75,328255.23,6042.96,5727.3,135.57,180.12,4427.22,4208.3,4097.81,4032.23,4047.72,4095.94,4290.23,4643.93,5477.18,6862.37,7797.69,8503.49,8713.64,8746.83,8566.85,8289.16,7954.26,7568.92,7054.33,6152.76,5481.5,4872.4,4462.66,4683.62,THIRTEEN_TIZN_TOTL_LVLH_POPNO,0.5033626594693109,0.225519102669332,0.05224095476389054,0.015540355069246975,0.02243436991143413,0.8391599481049022,0.013040843553441046,0.27111823786135714
10113,압구정역3번 출구,강남구,202510,427139.56,63497.26,363642.3,8740.02,7800.18,640.38,299.47,6341.02,6162.13,6039.3,5855.17,6020.29,5940.84,5915.48,6456.65,8174.94,9953.82,10860.82,11730.15,12015.43,12177.36,12021.72,11915.91,11587.17,11378.18,10623.18,9656.82,8620.05,7535.25,6426.83,6352.06,THIRTEEN_TIZN_TOTL_LVLH_POPNO,0.49408980915717393,0.23462078692863972,0.10753407886938474,0.020461743229777174,0.07326985521772261,0.8759854096443714,0.0179241885251743,0.2712894039141866
10114,청담동주민센터,강남구,202510,204626.66,69284.64,135342.02,2550.84,2397.92,59.09,94.7,1902.27,1820.24,1765.36,1744.32,1725.06,1769.2,1941.57,2149.38,2498.52,2881.87,3097.54,3308.21,3424.64,3437.17,3418.17,3372.36,3255.09,3075.27,2813.19,2668.99,2565.64,2355.41,2188.62,2041.53,THIRTEEN_TIZN_TOTL_LVLH_POPNO,0.4781199229920081,0.23903088584999382,0.060289943704818806,0.012465824345664442,0.023164918223016733,0.639397218171269,0.007970613408829524,0.28284919115799806
10115,신논현역3번 출구,강남구,202510,557620.71,190614.6,367006.11,13610.24,12316.78,691.1,602.43,11612.84,11204.01,10981.74,10819.31,10768.87,10768.05,10916.37,11223.61,12393.21,13795.27,14370.3,14999.21,15195.44,15339.25,15482.92,15583.0,15873.67,16335.23,16621.45,16044.87,15431.37,14683.88,13780.04,12421.87,EGHTN_TIZN_TOTL_LVLH_POPNO,0.4193358628420058,0.27241582609761555,0.09504093976300197,0.024407701787116192,0.050777943665945645,0.7146339814727735,0.017442573106726974,0.30824831106037853
10116,서울역삼1동우체국,강남구,202510,991018.42,63927.9,927090.52,23819.03,21993.87,948.79,876.38,9128.52,8516.72,8102.7,7819.85,7782.07,8254.17,9808.52,14746.08,22011.55,29197.81,32552.22,35100.37,37002.11,38022.61,38815.69,38849.79,38636.86,38660.02,36783.56,31916.84,28086.8,23452.1,17638.97,10770.91,FFTN_TIZN_TOTL_LVLH_POPNO,0.5717371981414585,0.26003218994108424,0.07662654608521002,0.02403490138962301,0.0398332761661579,0.9365952349864793,0.022510974114890822,0.16823061191745736
10117,역삼역2번 출구,강남구,202510,1865920.46,157919.09,1708001.37,25000.5,23462.06,719.39,819.05,17155.21,16513.1,16219.64,16032.49,15855.57,15858.26,16833.14,19691.86,25051.98,30931.7,33434.09,35472.0,35915.2,35815.92,35433.3,34821.79,33553.24,31171.94,27674.52,25157.06,23271.65,21342.4,18719.22,18086.78,TLV_TIZN_TOTL_LVLH_POPNO,0.5109050308088807,0.22374821932745817,0.06153636927261455,0.013398481090667713,0.02877502449951001,0.8979068418631627,0.01203058784188475,0.2653467498636611
10118,역삼역7번 출구,강남구,202510,507351.14,15569.73,491781.41,3093.57,2772.26,219.76,101.55,2209.26,2131.96,2112.04,2079.04,2019.13,2038.95,2172.03,2511.63,3202.07,3779.17,4137.21,4655.53,4590.68,4565.89,4457.78,4278.04,3964.36,3590.71,3241.84,2974.69,2721.4,2415.95,2115.13,2281.22,ELEVEN_TIZN_TOTL_LVLH_POPNO,0.5120749737594267,0.2121365665437101,0.10386382076371312,0.006097492951331498,0.07103766845424542,0.9386663304854908,0.005723511333787483,0.27578845969686333
10119,강남역8번 출구,서초구,202510,1240134.63,172430.36,1067704.27,16566.47,15723.32,351.62,491.54,9027.29,8978.24,8796.18,8747.51,8755.27,9253.68,10463.97,13460.88,18014.67,22015.73,23814.16,23614.84,24579.97,25267.96,25148.85,24667.75,24060.52,22442.2,19846.17,16972.64,15012.79,13721.56,11656.67,9275.88,THIRTEEN_TIZN_TOTL_LVLH_POPNO,0.542289953167967,0.21752191889151232,0.050895574011844406,0.013358606073277707,0.021224799248119847,0.8313086614106686,0.01110512493308892,0.24018812794052088
10120,금호4가동주민센터,성동구,202510,53407.42,19512.82,33894.6,1832.36,1790.43,5.71,36.7,1758.59,1763.35,1760.62,1759.65,1759.05,1730.17,1716.85,1812.69,1711.21,1736.99,1801.21,1809.9,1811.06,1786.69,1746.26,1782.54,1873.64,2015.64,2092.71,2108.03,2031.42,1965.27,1863.47,1779.68,NNTN_TIZN_TOTL_LVLH_POPNO,0.3721046308851349,0.2692467304838086,0.023145015171691156,0.034309090384819184,0.0031161998733873256,0.6135311838285054,0.021049696839877306,0.3586486386310566
10121,삼양사거리역1번 출구,강북구,202510,30800.13,8709.08,22091.05,654.54,644.88,2.04,8.23,506.05,501.88,510.09,514.79,544.31,540.16,536.71,545.77,584.15,643.73,690.53,721.83,728.27,746.54,778.98,817.89,843.7,849.6,808.65,779.69,731.71,667.7,603.05,513.2,SVNTN_TIZN_TOTL_LVLH_POPNO,0.43421469758061954,0.26125184448640204,0.015690408531182205,0.021251209004637315,0.0031166926391053263,0.7946802334463898,0.016887915732823205,0.3045334579329785
10122,서울수유초등학교,강북구,202510,52410.47,9114.86,43295.61,1555.34,1504.9,5.47,45.22,907.67,959.67,972.41,982.12,1172.85,1067.67,1221.48,1375.75,1621.13,1803.4,1938.02,2025.99,2097.6,2148.88,2201.58,2195.28,2081.41,1943.9,1791.1,1673.43,1561.74,1433.64,1296.1,855.32,FOURTEEN_TIZN_TOTL_LVLH_POPNO,0.4938917395830599,0.23069271600460137,0.032590944745200405,0.029676131505785006,0.0035169159154911467,0.8881209253282241,0.026355993373079842,0.2754155444123388
10123,수유역8번 출구,강북구,202510,271955.07,64556.35,207398.72,8733.98,8293.59,63.68,377.02,8197.67,8033.81,7780.47,7715.45,7512.52,7382.68,7281.72,7588.02,7683.13,7914.32,8135.47,8424.82,8656.82,8885.05,9018.96,9309.33,9667.29,10128.11,10574.95,10687.59,10568.61,10273.22,9883.43,8312.16,NNTN_TIZN_TOTL_LVLH_POPNO,0.38231968422197576,0.2876692383582138,0.05045809585091791,0.03211552555354088,0.00729106318081791,0.7231388210185964,0.023223983285180157,0.3300110774198103
10124,수유역2번 출구,강북구,202510,348844.63,63742.4,285102.23,6812.28,6338.78,52.37,422.42,5784.68,5657.42,5552.83,5321.33,5264.08,5568.51,5858.26,6560.46,6876.05,7136.89,7321.59,7403.19,7502.05,7537.87,7552.99,7682.81,7728.9,7775.06,7808.55,7676.47,7599.09,7354.18,7038.16,5929.61,EGHTN_TIZN_TOTL_LVLH_POPNO,0.4137312609749905,0.26549505498864373,0.0696961956936591,0.019528120584800173,0.007687587709254464,0.8409886264216974,0.01642292730720837,0.3207736840363659
10125,미아사거리역2번 출구,강북구,202510,181473.09,21260.48,160212.61,4390.91,4183.62,11.69,195.82,2851.65,2675.68,2591.91,2512.2,2510.14,2707.88,2791.6,3346.04,3690.75,4207.94,4774.7,5334.35,5637.78,5862.2,6021.53,6175.27,6286.93,6244.9,6224.26,5796.8,5187.03,4682.19,4190.86,3077.18,SXTN_TIZN_TOTL_LVLH_POPNO,0.4796427313756451,0.27669225901216127,0.04725899642670881,0.024195928994210657,0.0026623182893750954,0.8470704250371791,0.020495655857295427,0.24366500961219387
10126,양재역6번 출구,서초구,202510,109895.75,31875.88,78019.87,2441.0,2359.47,8.02,73.96,1454.9,1457.61,1494.12,1534.19,1521.38,1617.33,1711.43,2060.54,2397.19,2692.5,2980.25,3400.11,3451.11,3468.18,3293.7,3160.11,3151.08,3313.84,3326.9,2893.89,2534.63,2244.75,1926.32,1497.85,THIRTEEN_TIZN_TOTL_LVLH_POPNO,0.4934952276145447,0.24621675132301685,0.033584596476853745,0.02221195997115448,0.00328553871364195,0.6699385497746825,0.014880648250728531,0.2602880210624385
10127,양재역4번 출구,강남구,202510,89498.26,54603.89,34894.37,2659.85,2602.92,11.49,47.91,1836.17,1797.33,1738.96,1716.15,1712.0,1733.77,1950.83,2405.64,3085.33,3395.69,3642.68,3607.69,3586.56,3657.15,3482.41,3342.94,3207.26,3083.04,2920.46,2765.29,2608.45,2413.41,2237.46,1909.82,THIRTEEN_TIZN_TOTL_LVLH_POPNO,0.485700576582453,0.23270217394471404,0.02233208639584939,0.029719572201738896,0.00431979246950016,0.397744233697389,0.01182078847119486,0.2815972494728328
10128,양재역2번 출구,서초구,202510,157445.74,41812.42,115633.32,2283.43,2160.85,62.46,60.11,1419.1,1408.05,1396.65,1388.7,1389.29,1444.5,1643.34,1983.76,2609.06,2904.95,3004.7,3151.84,3170.94,3095.17,3072.7,3020.22,2991.35,2952.67,2767.31,2440.78,2208.27,2031.57,1827.04,1480.25,TLV_TIZN_TOTL_LVLH_POPNO,0.4993327823823165,0.2327501025962275,0.05367801947070854,0.014502964640389762,0.027353586490498946,0.8823787022155266,0.012797107117664791,0.2679171150214563
10129,상왕십리역2번 출구,성동구,202510,170093.61,59827.17,110266.44,1949.36,1841.43,35.27,72.66,1639.13,1694.34,1693.65,1719.38,1725.86,1768.36,1770.04,1867.91,2012.6,2092.62,2137.96,2168.7,2156.31,2116.99,2128.66,2129.69,2149.18,2207.54,2260.65,2147.47,1989.13,1838.74,1704.52,1665.12,EGHTN_TIZN_TOTL_LVLH_POPNO,0.41226537393220625,0.24806544040714296,0.05536688964583249,0.011460512831728364,0.018093117741207372,0.8600874133048796,0.00985704283658863,0.3396691856606508
10130,서울제기동우체국,동대문구,202510,223499.91,6875.48000000001,216624.43,4021.14,3790.68,24.23,206.36,1979.14,1973.5,2061.06,2173.75,2355.21,2576.08,2937.07,3593.09,4400.55,5074.39,5617.68,5992.22,6224.17,6429.37,6521.29,6283.19,5702.79,4934.76,4252.06,3822.91,3505.53,3200.52,2958.48,1938.65,FOURTEEN_TIZN_TOTL_LVLH_POPNO,0.5468992759730699,0.20390288999420358,0.057344434662807066,0.01799168509732286,0.006025654416409277,0.9592205195541563,0.0172579935267088,0.2491978340327266
10131,쌍문역2번 출구,도봉구,202510,134852.4,55529.15,79323.25,6300.47,6160.19,15.11,126.43,5347.65,5331.86,5179.12,5041.06,4818.39,4815.71,4881.67,5464.92,6089.26,6487.25,6686.47,6840.49,6951.7,7137.45,7282.05,7438.83,7515.89,7658.69,7660.77,7416.1,7064.11,6500.35,5973.04,5628.45,EGHTN_TIZN_TOTL_LVLH_POPNO,0.4232410439221201,0.26613636231371096,0.02246499070704249,0.04672123002631025,0.002398233782559079,0.7537548786042946,0.035216355066724804,0.31062259376416884
10132,도곡지구대,강남구,202510,182718.66,30232.88,152485.78,3525.58,3307.62,123.2,95.43,2743.79,2708.11,2656.52,2639.43,2629.08,2637.85,2777.42,3272.8,4132.8,4766.88,4966.52,4744.43,4721.57,4852.59,4825.48,4768.3,4544.98,3851.88,3051.9,2712.48,2616.49,2586.28,2615.72,2790.67,TEN_TIZN_TOTL_LVLH_POPNO,0.4968757523137137,0.19350870784103383,0.06201249156167212,0.019295128368388866,0.034944604859342296,0.8542197312215295,0.016482279368730045,0.30961553984525253
10133,선릉역1번 출구,강남구,202510,16929404.28,15482539.06,1446865.22,33674.86,32333.74,549.1,793.0,17999.08,17507.55,16949.92,16637.5,16435.08,16766.17,18628.77,25060.8,34489.96,40800.96,44098.06,46801.92,48464.94,49701.51,49716.73,49576.79,49316.92,49182.12,45229.86,40781.13,37133.99,32545.53,25454.4,18917.0,FOURTEEN_TIZN_TOTL_LVLH_POPNO,0.5291533054905235,0.24754111526984846,0.03985465715373426,0.0019891343749043012,0.0163059326749985,0.8714480178982184,0.0017334272083435647,0.2233055792396279
10134,선릉역7번 출구,강남구,202510,735463.27,35513.6800000001,699949.59,10759.16,10085.23,326.66,347.37,6342.09,6179.46,6065.77,6027.12,5948.5,6090.21,6879.1,8841.98,12128.77,14490.53,15467.47,16087.41,16114.63,16193.09,16158.52,15744.73,15052.08,14189.96,12203.92,10208.42,9173.61,8384.36,7523.07,6724.94,THIRTEEN_TIZN_TOTL_LVLH_POPNO,0.5402314323451802,0.2099696948033485,0.06264708397309827,0.01462909221829664,0.03036110625736582,0.9399005126794286,0.01374989127601165,0.2497988728514714
10135,봉은사역7번 출구,강남구,202510,1330590.73,22240.03,1308350.7,16344.64,13577.25,2047.17,720.22,5844.3,5500.8,5281.86,5208.67,5178.03,5442.5,6711.04,9270.83,14498.95,20172.87,24155.27,27745.52,30102.69,31225.0,31436.29,30657.09,28763.26,25877.6,21668.92,18163.25,14197.74,10695.4,8085.9,6387.59,FOURTEEN_TIZN_TOTL_LVLH_POPNO,0.6376595620526678,0.20189798710010365,0.16931483348669657,0.012283747084274366,0.1252502349394052,0.9815554212267753,0.012057178543548097,0.16044245084722852
10136,대명중학교,강남구,202510,338151.07,2533.37,335617.7,4190.98,3770.98,311.34,108.67,1669.79,1677.36,1650.11,1649.99,1666.68,1721.7,1983.18,3073.8,5165.43,6415.7,6960.63,6903.36,7286.43,7531.53,7392.38,7152.56,6830.81,6059.77,4637.42,3634.75,3042.92,2665.05,2164.84,1647.34,THIRTEEN_TIZN_TOTL_LVLH_POPNO,0.6217038713992241,0.17689098801762076,0.10021761020095539,0.01239380966619446,0.07428811399720352,0.9919183579974136,0.012293647333424081,0.20140514058315512
10137,대치유수지체육공원,강남구,202510,46004.9,3193.45,42811.45,1108.27,1094.1,1.02,13.18,433.14,413.51,399.05,396.7,382.57,397.14,467.03,678.8,898.56,1097.84,1197.16,1312.9,1417.99,1540.01,1650.94,1774.92,1943.08,2107.47,2074.8,1893.45,1675.66,1243.35,713.7,488.79,SVNTN_TIZN_TOTL_LVLH_POPNO,0.5279349709157187,0.3041424047016079,0.012812762233029858,0.024090259950570483,0.0009203533434993278,0.8613063603634493,0.02074909411823523,0.16792262438267333
10138,강남구청역3-1번 출구,강남구,202510,211617.93,30898.05,180719.88,4287.71,4129.69,51.95,106.1,2413.94,2350.03,2318.95,2354.17,2377.4,2474.72,2657.57,3213.05,4181.88,5179.32,5742.27,5933.47,6331.47,6474.85,6427.26,6319.98,6169.73,5930.75,5467.53,4754.9,4248.14,3782.56,3362.56,2438.6,THIRTEEN_TIZN_TOTL_LVLH_POPNO,0.5297026094916579,0.23375216583045935,0.03686116831595421,0.02026156290253855,0.012116024637860304,0.8139636309358609,0.01649217530858562,0.23654522467788283
10139,강남구청역2번 출구,강남구,202510,223882.24,23678.8,200203.44,2403.9,2298.39,42.47,63.03,1639.84,1576.44,1555.31,1534.6,1505.46,1548.75,1641.66,1901.7,2299.66,2727.03,2953.11,3289.1,3328.24,3283.51,3333.16,3310.12,3315.93,3191.2,2939.06,2663.21,2404.55,2136.07,1884.61,1731.3,FOURTEEN_TIZN_TOTL_LVLH_POPNO,0.49799960550230676,0.23848044203154523,0.04388701693082075,0.01073734120223203,0.017667124256416655,0.8879986688298181,0.009534744694353604,0.2635199524661479
10140,페이퍼돌메이트 아틀리에,성동구,202510,87053.73,28832.83,58220.9,2238.2,2083.7,91.15,64.39,949.21,942.31,916.08,921.27,886.89,910.22,955.04,1261.79,1929.22,2525.25,2819.99,3398.1,3811.42,4026.63,4111.01,4101.77,3971.24,3740.7,3188.75,2603.62,2028.3,1534.48,1190.16,993.22,FOURTEEN_TIZN_TOTL_LVLH_POPNO,0.6051400803512206,0.21480352374784212,0.06949334286480209,0.025710558295434324,0.040724689482619966,0.7213207041372532,0.018545558013424585,0.18005639590093725
10141,성수동 수제화거리,성동구,202510,536042.58,115663.85,420378.73,17226.08,15107.6,1500.2,618.88,8351.8,8070.0,7901.96,7833.32,7776.08,7807.53,8337.47,9910.65,14006.62,17485.03,20169.95,23291.02,26457.49,28765.35,30388.44,30952.57,30507.2,28633.36,24742.99,20875.18,17117.2,13729.5,11218.38,9096.94,FFTN_TIZN_TOTL_LVLH_POPNO,0.5724129416814903,0.23409312180948066,0.12301579929966654,0.03213565608911143,0.08708887918783612,0.8122167086185597,0.026101116817996064,0.19349393650902919
10142,성수역1번 출구,성동구,202510,182955.13,7443.61000000002,175511.52,4046.03,3668.93,194.05,183.05,1668.39,1567.2,1495.91,1473.28,1469.6,1566.56,1936.77,2647.31,3860.76,4837.67,5386.48,5857.95,6286.24,6529.94,6768.08,6868.65,6808.6,6617.52,5886.58,5023.15,4283.89,3563.3,2890.29,1810.64,FFTN_TIZN_TOTL_LVLH_POPNO,0.5762964657963213,0.24157260673936065,0.09320247254716352,0.02211487592613555,0.04796059347063665,0.9659147361734836,0.021361084545702545,0.18213092746431792
10143,왕십리역6번 출구,성동구,202510,97484.09,14440.9,83043.19,3597.62,3213.47,22.56,361.61,3812.46,3696.98,3658.34,3637.61,3619.66,3590.52,3502.09,3537.96,3491.49,3443.19,3500.74,3578.73,3552.44,3473.52,3452.56,3361.67,3224.71,3357.19,3655.23,3765.35,3825.26,3845.74,3826.4,3933.02,TNTTH_TIZN_TOTL_LVLH_POPNO,0.35839384982151384,0.26465419375730664,0.10678448529861409,0.0369046887548522,0.006270812370400431,0.8210594782105949,0.030300944492583356,0.37695195642117946
10144,동원산업 정류장,서초구,202510,325433.89,15004.99,310428.9,3352.09,3214.08,81.1,56.94,2751.82,2738.5,2734.13,2733.31,2726.18,2740.66,2739.29,2931.54,3491.58,3807.46,3978.79,4057.05,4163.09,4200.54,4194.01,4105.26,3966.09,3764.28,3391.05,3228.59,3157.67,3067.64,3018.03,2763.66,THIRTEEN_TIZN_TOTL_LVLH_POPNO,0.450422261119982,0.23153000700308832,0.041180278572472695,0.010300371605428064,0.024193861143346387,0.9174962486090767,0.009450552307259701,0.3180477318769296
10145,대치중학교,강남구,202510,72747.9,3282.37,69465.53,659.93,636.36,3.13,20.48,364.94,360.52,358.59,353.07,343.73,352.9,387.38,443.11,673.48,802.89,878.22,995.03,1057.08,1035.25,1042.09,1028.32,966.92,910.79,786.2,699.25,618.37,531.97,468.37,379.85,TLV_TIZN_TOTL_LVLH_POPNO,0.5503481429848619,0.21997345678076963,0.03577652175230706,0.009071464605851166,0.004742927280166079,0.9730274423044869,0.00882678400338704,0.22967840023436825
10146,서울청량초등학교,동대문구,202510,256750.36,50167.68,206582.68,9603.65,7769.68,125.66,1708.89,7844.34,7632.29,7519.46,7445.69,7497.14,7463.07,7682.27,8904.45,9931.77,10350.55,10634.18,10953.09,11063.62,11173.33,11137.9,10863.13,10849.17,10908.61,10929.16,10744.48,10596.61,10371.7,9852.09,8139.49,THIRTEEN_TIZN_TOTL_LVLH_POPNO,0.42489740987790275,0.2630663542449292,0.19102632853133966,0.037404621360608806,0.013084608456159897,0.7963982444174871,0.02978897478468969,0.31203623587716806
10147,건대입구역6번 출구,광진구,202510,108668.27,33772.07,74896.2,5303.6,4445.82,79.99,777.91,3341.99,3148.3,3033.17,2952.63,2934.29,3084.18,3386.92,4126.5,4517.49,4842.04,5353.81,5918.16,6354.16,6636.04,6785.45,6869.78,7264.57,7807.85,8322.12,7799.73,7145.5,6424.13,5614.76,3622.75,EGHTN_TIZN_TOTL_LVLH_POPNO,0.4543446617044156,0.3058379722188527,0.16175805113507805,0.04880541486489111,0.015082208311335695,0.6830982728712572,0.0333388946009723,0.23981736607673157
10148,건대입구역4번 출구,광진구,202510,320329.19,29.0,320300.19,5188.57,4968.91,29.02,190.64,4754.77,4599.2,4508.25,4477.66,4460.75,4418.27,4334.97,4277.04,4502.34,4756.22,5188.5,5589.32,6128.2,6383.77,6473.88,6415.63,6329.95,6284.14,6178.61,5809.97,5167.03,4496.34,4114.89,4875.89,FOURTEEN_TIZN_TOTL_LVLH_POPNO,0.43002896031249477,0.2460757664348348,0.042335364079120065,0.01619761845618877,0.005593063213949123,0.9999094162746192,0.016196151215566713,0.3238952732526704
10149,건대입구역1번 출구,광진구,202510,271401.38,106284.06,165117.32,12755.47,10953.41,166.22,1636.75,11874.2,11385.76,10937.08,10551.83,10182.37,9974.03,9793.53,9956.39,9823.08,9843.62,10148.85,10938.0,11667.62,12309.82,12761.39,13415.61,14221.37,15741.66,17770.89,18213.42,18159.1,17575.71,16128.58,12757.3,NNTN_TIZN_TOTL_LVLH_POPNO,0.3627462224449445,0.32863359472560805,0.14134877037067237,0.046998545106881916,0.013031272073863214,0.6580000580143265,0.030925045406917238,0.3086201828294476
10150,건대입구역3번 출구,광진구,202510,118226.45,0.0,118226.45,1734.12,1600.65,12.31,121.16,891.41,872.89,853.21,844.74,842.46,873.55,979.63,1211.14,1769.17,2147.49,2455.37,2615.99,2697.47,2843.5,2913.33,2763.52,2519.68,2213.18,2025.62,1862.12,1708.04,1516.24,1302.02,897.06,FOURTEEN_TIZN_TOTL_LVLH_POPNO,0.5567078651658396,0.22372325219137587,0.0769669919036745,0.01466778373198214,0.0070987013586141685,1.0,0.01466778373198214,0.21956888264278457
10151,경남관광호텔 정류장,동대문구,202510,219632.37,102460.76,117171.61,3657.22,3467.35,39.55,150.46,3903.73,3941.32,3580.59,3457.81,3401.48,3340.93,3607.47,3610.64,3503.73,3564.62,3486.3,3465.77,3442.56,3401.43,3471.69,3547.15,3696.06,3783.02,3871.67,3968.57,3939.82,3935.68,3830.96,4020.19,TNTTH_TIZN_TOTL_LVLH_POPNO,0.3629650466161706,0.2684975902094933,0.05195476345420839,0.016651552774301893,0.010814225012441144,0.49645085611475387,0.00826667763044218,0.368537363174336
10152,노원역9번 출구,노원구,202510,349151.85,19699.58,329452.27,10171.19,10007.11,20.91,143.74,5961.71,5536.17,5201.59,4960.13,4807.35,4975.65,5459.58,6800.41,7866.98,9061.54,10241.76,11648.67,12732.84,13508.54,13998.35,14426.1,15102.61,15739.92,16413.79,15877.49,14291.34,12444.09,10205.52,6846.38,EGHTN_TIZN_TOTL_LVLH_POPNO,0.4770842687950534,0.31165898313008417,0.016187879687627506,0.02913113592266517,0.0020558066460266695,0.9297751787155681,0.027085407108683516,0.21125674807486228
10153,노원역4번 출구,노원구,202510,87665.09,0.0,87665.09,8475.2,8396.81,17.47,60.92,8309.65,8489.23,8655.14,8414.3,7944.59,7361.03,7320.23,7645.95,8153.46,8553.22,8875.26,9116.48,9127.87,9407.28,9563.52,9341.46,9255.78,9160.86,8790.73,8556.63,8181.08,7675.69,7417.38,8087.96,FOURTEEN_TIZN_TOTL_LVLH_POPNO,0.40511206275486744,0.23947062600987057,0.0092493392486313,0.09667702388715965,0.002061308287710024,1.0,0.09667702388715965,0.35541731123526193
10154,잠실새내역4번 출구,송파구,202510,539826.63,96464.61,443362.02,13463.34,12816.46,211.52,435.8,12400.33,11903.57,11624.88,11381.07,11231.4,10956.36,11040.72,11249.44,11311.53,12255.34,12834.54,13314.85,13532.86,13839.41,14295.34,14780.61,15471.68,16143.63,16921.42,17074.02,16396.21,15476.91,14401.76,13282.18,NNTN_TIZN_TOTL_LVLH_POPNO,0.39139711722014414,0.28952860432125443,0.04808019406774248,0.024940118274639395,0.01571081173022445,0.7613066297070414,0.018987077388160713,0.3190742784586014
10155,구의역2번 출구,광진구,202510,264330.21,108987.59,155342.62,6643.27,6285.09,37.7,322.39,5994.04,5769.9,5654.7,5547.28,5647.82,5575.31,5804.94,6075.07,6041.52,5894.06,5951.2,6396.32,6620.04,6601.89,6812.12,7015.53,7156.02,7592.21,8155.49,8377.66,8375.67,8237.59,7989.0,6153.19,NNTN_TIZN_TOTL_LVLH_POPNO,0.3765675394604957,0.2965944814984229,0.05420372798335758,0.025132465940991004,0.00567491611811653,0.6830898036659656,0.017167731225273115,0.3268379790410815
10156,군자역5번 출구,광진구,202510,72535.47,7582.64,64952.83,1598.41,1541.59,9.36,47.53,947.84,810.93,796.1,748.04,788.09,972.9,1177.45,1462.92,1575.63,1714.47,1694.91,1709.82,1751.5,1806.27,1938.03,2035.11,2129.53,2211.83,2286.16,2316.66,2318.72,2196.29,1986.58,986.14,TNT_TIZN_TOTL_LVLH_POPNO,0.44292543230370124,0.3151706171119693,0.03559161917155173,0.022036253435732893,0.005855819220350222,0.9281723712939732,0.020453441605879162,0.24190395058432945
10157,사가정역2번 출구,중랑구,202510,228816.89,97717.58,131099.31,5198.78,5051.92,11.18,136.19,4639.31,4417.29,4273.08,4214.65,4164.59,4261.98,4341.15,4575.61,4740.51,4797.57,4952.64,5112.67,5256.05,5340.89,5453.43,5643.82,5898.71,6191.11,6561.58,6572.84,6362.68,6204.04,5962.76,4831.72,NNTN_TIZN_TOTL_LVLH_POPNO,0.3898903973273207,0.2925015716833474,0.02834703526596625,0.0227202633511888,0.0021505045414501097,0.46677489718741705,0.010605248589822192,0.31760803098933177
10158,중랑역.동부시장1 정류장,중랑구,202510,98957.56,32885.35,66072.21,3155.55,3055.49,15.75,84.68,3123.9,3065.72,3007.86,2979.83,2896.46,2903.63,2892.74,2840.67,2842.71,2878.15,2875.6,2938.14,2989.69,3049.55,3192.06,3298.3,3415.08,3476.98,3571.85,3653.24,3603.61,3564.09,3462.93,3210.39,NNTN_TIZN_TOTL_LVLH_POPNO,0.37121840123443917,0.27816222691295944,0.03182646448321212,0.031887912353538224,0.004991205970433046,0.661057501861799,0.02107974368001798,0.35061937185260145
10159,상봉역3번 출구,중랑구,202510,59050.35,14819.54,44230.81,1911.52,1829.18,7.07,75.55,1828.25,1794.32,1769.64,1750.91,1723.47,1726.22,1701.02,1653.8,1532.35,1594.99,1764.94,1842.99,1894.07,1939.35,1960.91,2005.41,2062.93,2151.49,2281.89,2364.04,2346.24,2192.91,2145.09,1849.16,NNTN_TIZN_TOTL_LVLH_POPNO,0.37529282491495086,0.287279142931691,0.04322214781953629,0.032371018969404926,0.003698627270444463,0.8099261320833683,0.02621813418548747,0.3374280321533582
10160,태릉입구역4번 출구,노원구,202510,166535.12,104704.66,61830.46,2888.14,2815.91,7.0,66.32,2095.53,2072.07,2095.59,2096.15,2082.94,2275.96,2359.8,2924.78,2946.9,2966.61,3040.04,3121.29,3229.46,3293.95,3360.68,3474.02,3653.16,3740.82,3728.25,3433.01,3242.55,3070.59,2893.93,2117.3,SVNTN_TIZN_TOTL_LVLH_POPNO,0.43107359434515113,0.26668872045424846,0.02538658098291634,0.017342528110587122,0.002423705222046023,0.4345911209290409,0.007536908731323459,0.30223768520060057
10161,불암지구대,노원구,202510,64030.06,0.0,64030.06,1105.85,1095.07,0.93,9.86,246.0,221.28,205.89,195.89,184.1,216.73,376.6,597.21,813.36,1028.29,1146.83,1294.88,1473.05,1615.42,1759.56,1981.92,2259.46,2401.18,2242.57,2042.13,1739.94,1359.23,849.29,289.72,SVNTN_TIZN_TOTL_LVLH_POPNO,0.5636884417907253,0.32112697071234064,0.009757200343627074,0.01727079437376757,0.0008409820500067822,1.0,0.01727079437376757,0.11518458749693392
10162,수서역3번 출구,강남구,202510,236891.4,12223.73,224667.67,3420.52,3356.18,6.29,58.12,2224.44,2219.75,2189.89,2162.99,2145.66,2122.54,2196.7,2809.7,4156.46,4673.03,4920.7,5261.46,5121.25,5093.97,5070.58,4732.02,4346.41,4022.76,3540.73,3177.42,2867.64,2558.33,2245.84,2232.33,ELEVEN_TIZN_TOTL_LVLH_POPNO,0.5267488177984373,0.20248219693370656,0.018830470220902083,0.014439190278752205,0.001838901687462725,0.7966888075497294,0.011503541285162738,0.27076898526785603
10163,서울가락본동우체국,송파구,202510,584098.82,138978.84,445119.98,17178.54,16801.29,60.42,316.83,13854.06,13697.67,13654.25,13566.7,13569.02,13684.67,13820.63,14599.19,16452.02,17668.61,18157.11,18712.42,19264.5,19474.86,19683.75,19770.27,20246.74,20468.72,19995.49,19842.71,19661.12,19381.82,19244.99,13813.68,SVNTN_TIZN_TOTL_LVLH_POPNO,0.4206967995440048,0.2715107510581273,0.0219605391377847,0.02941033162847342,0.0035171789919283014,0.8781532074320634,0.025826777051184593,0.30779244939786804
10165,서울가락초등학교,송파구,202510,107938.01,17302.83,90635.18,1953.08,1876.37,4.09,72.81,1522.8,1459.67,1414.45,1360.07,1310.77,1343.5,1412.5,1559.75,1822.46,1966.51,2095.47,2213.24,2293.51,2295.17,2245.19,2332.43,2432.08,2486.52,2564.58,2531.85,2419.18,2214.31,1992.37,1585.46,EGHTN_TIZN_TOTL_LVLH_POPNO,0.4343599756281969,0.28390569238620095,0.039373707170213205,0.018094459959007953,0.0020941282487148506,0.8254961394310525,0.014936906841250826,0.28173433198560227
10166,잠실역9번 출구,송파구,202510,545852.98,30808.14,515044.84,4648.71,4542.21,15.39,92.97,1381.03,1333.09,1343.07,1325.21,1386.02,1546.09,1898.88,3029.92,5084.31,6705.36,7443.58,7472.56,7784.17,8233.24,8578.11,8668.31,8300.43,7408.74,5747.61,4751.64,4112.79,3537.43,3043.96,1343.02,FFTN_TIZN_TOTL_LVLH_POPNO,0.6333698700781824,0.202195757580597,0.02330969236626935,0.008516414071789075,0.0033105958427176573,0.9979736313945159,0.008499156677682697,0.16443437234122057
10167,서울잠실우체국,송파구,202510,441139.34,79317.86,361821.48,9971.33,9426.24,166.47,378.82,8156.93,7329.71,6887.04,6549.54,6538.21,6485.31,6636.2,7169.81,8294.09,9021.39,9548.38,10586.39,10991.22,11231.77,11418.59,11601.24,11930.2,12849.69,13871.33,14427.7,14068.48,12945.84,11294.52,9478.43,NNTN_TIZN_TOTL_LVLH_POPNO,0.4144333165727871,0.31793765803897595,0.05468578414313838,0.02260358371121469,0.01669486417559142,0.8680196122282584,0.019620353967977552,0.26762902538823685
10168,천호역3번 출구,강동구,202510,514914.62,169546.92,345367.7,8249.13,7870.93,45.85,333.22,5500.54,5392.42,5209.14,5154.98,5135.63,5397.27,5830.69,6523.24,7162.83,8194.27,9037.44,9686.68,10203.64,10825.89,11204.73,11301.59,11205.97,11014.71,10922.5,10581.43,9749.67,9010.97,8142.07,5590.74,FFTN_TIZN_TOTL_LVLH_POPNO,0.4681047044171948,0.27274291258306943,0.04595272471157565,0.016020384117273655,0.005558161891011538,0.7862841293566716,0.012596573777609966,0.25915238299973575
10169,면목역1번 출구,중랑구,202510,82101.35,24753.18,57348.17,4060.31,3933.95,5.36,121.85,2903.88,2409.31,2309.85,2296.96,2270.12,2716.01,3207.15,3873.86,4081.31,4011.67,4062.93,4149.96,4368.99,4417.39,4518.12,4780.53,5086.71,5335.09,5679.05,5761.74,5604.59,5494.82,5129.34,2978.12,NNTN_TIZN_TOTL_LVLH_POPNO,0.41798291387670283,0.31450432284050384,0.031330120113981445,0.049454850620604895,0.0013200962488085885,0.6999170014112224,0.03461429075161371,0.26751276328279333
10170,가원중학교,송파구,202510,72404.7,8883.28999999999,63521.41,2208.96,2162.33,5.5,41.21,1679.54,1675.88,1669.2,1655.09,1645.62,1640.42,1654.78,1851.99,2263.65,2474.98,2574.58,2634.01,2705.29,2757.77,2795.9,2779.25,2761.72,2770.07,2634.44,2441.51,2277.07,2088.87,1873.55,1709.94,FOURTEEN_TIZN_TOTL_LVLH_POPNO,0.45748401588075227,0.2456917950954368,0.021145697522816167,0.030508516712312875,0.002489859481384905,0.8796718817905259,0.026837484306957975,0.2968241890238104
10171,방이역1번 출구,송파구,202510,30501.64,4997.05,25504.59,1204.62,1192.91,1.69,10.03,479.31,398.5,387.36,381.18,378.31,448.8,604.22,875.09,1010.99,1187.44,1286.7,1351.39,1430.78,1542.59,1615.33,1799.61,1936.7,2076.28,2115.92,2066.62,1886.48,1726.49,1420.03,504.72,EGHTN_TIZN_TOTL_LVLH_POPNO,0.49209293123271414,0.3362150667362138,0.009729209211203533,0.03949361411386404,0.0014029320449602365,0.8361724029154423,0.03302347021340492,0.1716920020310721
10172,둔촌동역3번 출구,강동구,202510,218358.36,102490.37,115867.99,4696.67,4584.85,29.54,82.45,4564.02,4664.94,4632.5,4629.26,4624.73,4482.91,4244.81,4059.76,4034.54,4289.85,4469.29,4702.2,4743.61,4818.25,4900.37,5057.8,5296.64,5410.14,5388.36,5241.65,4903.14,4621.32,4374.04,4565.96,SVNTN_TIZN_TOTL_LVLH_POPNO,0.3875808651323824,0.25811255118763654,0.023844553694426052,0.02150900015918786,0.0062895626049946024,0.5581422582382837,0.012005081921296717,0.35430658367998114
10173,길동역3번 출구,강동구,202510,259169.09,122938.46,136230.63,4616.99,4433.55,45.68,138.88,5082.17,5371.77,5329.29,5265.83,5335.13,4771.91,4317.74,4058.66,4061.52,4283.57,4452.91,4496.45,4419.54,4332.65,4259.53,4284.46,4342.06,4360.72,4361.15,4414.81,4503.49,4595.7,4758.34,5348.25,ONE_TIZN_TOTL_LVLH_POPNO,0.3540539845398761,0.25252534459489034,0.039974095677053664,0.017814585836605747,0.009893891907931359,0.3525760289712562,0.006280995932038037,0.3934206708652336
10174,명일역4번 출구,강동구,202510,176863.3,95416.95,81446.35,3814.37,3764.29,6.26,44.13,2802.11,2559.14,2517.99,2481.24,2467.93,2917.84,3194.08,3509.05,3588.43,3850.26,4127.39,4320.03,4375.07,4365.84,4393.25,4451.49,4609.9,4890.26,5093.61,5006.89,4790.19,4444.53,4059.08,2729.25,EGHTN_TIZN_TOTL_LVLH_POPNO,0.4302097824181263,0.2853634038397572,0.013210569504269382,0.021566769363683704,0.0016411622364899052,0.6109868733237731,0.013177012981212046,0.2844268137421166
10175,암사역1번 출구,강동구,202510,211743.74,75004.42,136739.32,3275.78,3198.01,5.74,72.93,2517.44,2604.77,2668.98,2665.17,2668.96,2521.87,2489.24,2773.61,2851.48,3098.16,3341.35,3477.13,3560.4,3630.21,3663.56,3813.49,4056.55,4171.51,4221.29,4089.35,3896.98,3688.45,3568.7,2580.01,EGHTN_TIZN_TOTL_LVLH_POPNO,0.41736096748532736,0.28040137036169277,0.024015654286917924,0.015470492775843104,0.001752254424900329,0.7629205868525969,0.01180275742744508,0.30223766215298004
10176,고덕역4번 출구,강동구,202510,227934.2,38077.7,189856.5,2657.59,2633.02,5.32,19.25,1020.19,948.55,941.07,929.77,928.67,993.98,1199.27,1727.39,2133.2,2677.42,3082.21,3332.82,3568.6,3835.23,4045.72,4283.09,4578.13,4709.72,4672.45,4309.39,3664.94,3078.04,2081.9,1040.37,SVNTN_TIZN_TOTL_LVLH_POPNO,0.5348354679963602,0.29549174596266164,0.009245218412170424,0.011659461370869312,0.0020018136732904623,0.8123600705902716,0.00947168086228394,0.16967278604097824
